n_layers,width,lr,dropout,weight_decay,lag_set,activation,huber_delta,val_wape,variance,cost,calib_gap,fitness,n_params,feasible
1,16,0.00031,0.07,0.00019,1,relu,0.53,0.11386782585022068,0.020326117748833913,0.0642,0.037022019841569324,0.15912495351983927,321,True
1,32,0.00019,0.02,0.00047,1,gelu,0.84,0.11785903315219692,0.022888750997225725,0.1282,0.023326966405615285,0.1652312673522303,641,True
2,8,0.00043,0.07,0.0003,1,tanh,1.0,0.12781784968158044,0.024070821075489683,0.0466,0.07249693179690361,0.19279713665552195,233,True
2,32,0.00057,0.11,0.00024,1,gelu,0.75,0.0957846266370323,0.03189633321216064,0.3394,0.09264731249712392,0.20794461609775491,1697,True
3,16,0.0012,0.16,0.00021,1,gelu,0.78,0.09791128706479924,0.04108360758461285,0.173,0.10585378074730882,0.20922178502306651,865,True
2,32,0.0013,0.14,2.9e-06,1,gelu,0.68,0.09191966338093475,0.039358256704889336,0.3394,0.1034946592456969,0.21696524970867254,1697,True
3,8,0.00016,0.09,7.4e-06,1,gelu,0.73,0.35126746798739417,0.017243000260902308,0.061,0.1423272725717243,0.4457741045341586,305,True
3,8,0.00016,0.09,7.4e-06,1,gelu,0.73,0.35126746798739417,0.017243000260902308,0.061,0.1423272725717243,0.4457741045341586,305,True
3,8,0.00013,0.11,2.3e-06,1,gelu,0.79,0.42587887400608604,0.012657272166314685,0.061,0.11749159161191429,0.5033819419783578,305,True
3,8,0.0001,0.11,1.5e-05,1,gelu,0.79,0.5441885692603432,0.01146017115774206,0.061,0.08811531098202315,0.6058063959090968,305,True
