epoch,train_loss,val_loss,max_grad_norm_before_clip
1,0.46551731517238004,0.42923492193222046,0.9824416041374207
2,0.35008258684988947,0.3160545229911804,1.0392389297485352
3,0.20822986335523666,0.182856023311615,1.073744535446167
4,0.08582816533343766,0.07663020491600037,0.9337558150291443
5,0.045516850647105964,0.0423608236014843,0.4201778173446655
6,0.036535351026442744,0.03440381586551666,0.21532410383224487
7,0.03365231986327838,0.029766516759991646,0.2016429305076599
8,0.030448996612141208,0.026963740587234497,0.19857320189476013
9,0.028154565602220516,0.024837812408804893,0.23696866631507874
10,0.028000204373271234,0.0231444351375103,0.22978639602661133
11,0.025922042147446703,0.021584434434771538,0.23243598639965057
12,0.02576069894336885,0.020306836813688278,0.29234305024147034
13,0.02514630047384129,0.019161151722073555,0.17141789197921753
14,0.023845172977896147,0.018357645720243454,0.16807925701141357
15,0.024054558326800663,0.017749233171343803,0.1881026327610016
16,0.023604801725796473,0.016789453104138374,0.2554534375667572
17,0.022079924381868815,0.01612975262105465,0.16089342534542084
18,0.022662676770680693,0.01555006206035614,0.19016948342323303
19,0.021975465659652988,0.015002313069999218,0.25079482793807983
20,0.020660803102517642,0.014443754218518734,0.2587328255176544
21,0.020462290353832707,0.01400769967585802,0.2413945496082306
22,0.02052525220619094,0.013870026916265488,0.15346774458885193
23,0.02042341260339624,0.01323570404201746,0.1433992236852646
24,0.02057856761960573,0.013103603385388851,0.20609572529792786
25,0.020066968846305083,0.012925446964800358,0.1411825269460678
26,0.01976958520069558,0.012549272738397121,0.15577490627765656
27,0.01928648516856214,0.012274092063307762,0.206165611743927
28,0.019453410159355852,0.012483627535402775,0.174496129155159
29,0.018740991931608927,0.012011183425784111,0.17047858238220215
30,0.018629607273846546,0.0121163846924901,0.15336158871650696
31,0.018472839367165362,0.011939345858991146,0.17911715805530548
32,0.019235855729509425,0.011781692504882812,0.17348602414131165
33,0.018063711843663646,0.011915042996406555,0.12737317383289337
34,0.01862023604573101,0.011482533998787403,0.19740934669971466
35,0.017636196908130442,0.01127423346042633,0.13993532955646515
36,0.017784420561085465,0.011358973570168018,0.16964378952980042
37,0.01742869130866502,0.011185361072421074,0.20765450596809387
38,0.01795483897289922,0.011109492741525173,0.1619916707277298
39,0.017852970689374914,0.010993888601660728,0.16753609478473663
40,0.017383626471924526,0.011075025424361229,0.19469816982746124
41,0.01656387202561863,0.010946648195385933,0.1463804841041565
42,0.01706753908506324,0.010881970636546612,0.19753439724445343
43,0.01669880080847971,0.01083337888121605,0.1299576759338379
44,0.016514253271843797,0.010743782855570316,0.15900801122188568
45,0.016478671141529597,0.010556250810623169,0.16732509434223175
46,0.016005727672769178,0.010719208046793938,0.1379125863313675
47,0.0162292191538439,0.010682446882128716,0.21106840670108795
48,0.01595011273378967,0.010400179773569107,0.16495546698570251
49,0.01609691891378613,0.010531959123909473,0.20203250646591187
50,0.016054362128739074,0.010473761707544327,0.1922459900379181
51,0.016343035344635288,0.0105635616928339,0.15167663991451263
52,0.015176781923860632,0.010375045239925385,0.12546008825302124
53,0.01576442745143688,0.010322710499167442,0.14930149912834167
54,0.01564393238595096,0.010158277116715908,0.19641317427158356
55,0.015314832690262025,0.010335233062505722,0.15795733034610748
56,0.015200730553397568,0.010840697214007378,0.16688095033168793
57,0.015058119150419389,0.00983903557062149,0.1809588074684143
58,0.015490071347323798,0.010429148562252522,0.1610986888408661
59,0.015033835945751077,0.009915664792060852,0.17210710048675537
60,0.014717804648542917,0.009836472570896149,0.13928131759166718
61,0.014962596177894583,0.010185563936829567,0.1924058496952057
62,0.014423191947962648,0.009830010123550892,0.1626417487859726
63,0.014753927947372519,0.009842917323112488,0.17714372277259827
64,0.015495573821407493,0.009907226078212261,0.17548850178718567
65,0.01484433156988954,0.009810247458517551,0.13566064834594727
66,0.014382634231800674,0.009600152261555195,0.1254054456949234
67,0.013954589383736733,0.010013810358941555,0.17990438640117645
68,0.014199423994268141,0.009605664759874344,0.18287955224514008
69,0.014197171054860597,0.009669535793364048,0.1849984973669052
70,0.01353814741296153,0.010017386637628078,0.15742623805999756
71,0.013320521371419071,0.009816538542509079,0.1551213413476944
72,0.013666204897867094,0.009641335345804691,0.12697362899780273
73,0.013164672930474563,0.009510309435427189,0.15228338539600372
74,0.01372500969677843,0.009161686524748802,0.1874520480632782
75,0.013509757486322233,0.00931723602116108,0.18721334636211395
76,0.013020772907522416,0.009144550189375877,0.12878596782684326
77,0.013417929150564696,0.00943300686776638,0.13118591904640198
78,0.012558596509118234,0.009899982251226902,0.17436572909355164
79,0.012580583913512128,0.00902867317199707,0.17364448308944702
80,0.01255489664492748,0.008743548765778542,0.17220798134803772
