date,outlet,group,actual,one_shot,monthly,naive
2025-07-01,restaurant_A,restaurant,365,197.0,197.0,228.0
2025-07-02,restaurant_A,restaurant,209,192.0,192.0,205.0
2025-07-03,restaurant_A,restaurant,205,190.0,190.0,199.0
2025-07-04,restaurant_A,restaurant,196,191.0,191.0,194.0
2025-07-05,restaurant_A,restaurant,352,290.0,290.0,286.0
2025-07-06,restaurant_A,restaurant,277,292.0,292.0,328.0
2025-07-07,restaurant_A,restaurant,191,203.0,203.0,262.0
2025-07-08,restaurant_A,restaurant,186,197.0,197.0,228.0
2025-07-09,restaurant_A,restaurant,220,192.0,192.0,205.0
2025-07-10,restaurant_A,restaurant,213,190.0,190.0,199.0
2025-07-11,restaurant_A,restaurant,195,191.0,191.0,194.0
2025-07-12,restaurant_A,restaurant,379,290.0,290.0,286.0
2025-07-13,restaurant_A,restaurant,294,292.0,292.0,328.0
2025-07-14,restaurant_A,restaurant,177,203.0,203.0,262.0
2025-07-15,restaurant_A,restaurant,273,197.0,197.0,228.0
2025-07-16,restaurant_A,restaurant,223,192.0,192.0,205.0
2025-07-17,restaurant_A,restaurant,221,191.0,191.0,199.0
2025-07-18,restaurant_A,restaurant,191,191.0,191.0,194.0
2025-07-19,restaurant_A,restaurant,307,291.0,291.0,286.0
2025-07-20,restaurant_A,restaurant,257,292.0,292.0,328.0
2025-07-21,restaurant_A,restaurant,225,202.0,202.0,262.0
2025-07-22,restaurant_A,restaurant,235,197.0,197.0,228.0
2025-07-23,restaurant_A,restaurant,217,192.0,192.0,205.0
2025-07-24,restaurant_A,restaurant,217,191.0,191.0,199.0
2025-07-25,restaurant_A,restaurant,206,191.0,191.0,194.0
2025-07-26,restaurant_A,restaurant,258,291.0,291.0,286.0
2025-07-27,restaurant_A,restaurant,283,293.0,293.0,328.0
2025-07-28,restaurant_A,restaurant,245,202.0,202.0,262.0
2025-07-29,restaurant_A,restaurant,255,197.0,197.0,228.0
2025-07-30,restaurant_A,restaurant,208,193.0,193.0,205.0
2025-07-31,restaurant_A,restaurant,214,191.0,191.0,199.0
2025-08-01,restaurant_A,restaurant,225,197.0,197.0,194.0
2025-08-02,restaurant_A,restaurant,293,297.0,297.0,286.0
2025-08-03,restaurant_A,restaurant,298,298.0,299.0,328.0
2025-08-04,restaurant_A,restaurant,225,206.0,201.0,262.0
2025-08-05,restaurant_A,restaurant,173,202.0,205.0,228.0
2025-08-06,restaurant_A,restaurant,234,198.0,204.0,205.0
2025-08-07,restaurant_A,restaurant,246,197.0,204.0,199.0
2025-08-08,restaurant_A,restaurant,200,197.0,197.0,194.0
2025-08-09,restaurant_A,restaurant,177,297.0,297.0,286.0
2025-08-10,restaurant_A,restaurant,172,300.0,299.0,328.0
2025-08-11,restaurant_A,restaurant,208,205.0,201.0,262.0
2025-08-12,restaurant_A,restaurant,205,202.0,205.0,228.0
2025-08-13,restaurant_A,restaurant,221,198.0,205.0,205.0
2025-08-14,restaurant_A,restaurant,200,198.0,204.0,199.0
2025-08-15,restaurant_A,restaurant,247,279.0,283.0,194.0
2025-08-16,restaurant_A,restaurant,183,299.0,298.0,286.0
2025-08-17,restaurant_A,restaurant,188,301.0,300.0,328.0
2025-08-18,restaurant_A,restaurant,188,205.0,201.0,262.0
2025-08-19,restaurant_A,restaurant,172,202.0,205.0,228.0
2025-08-20,restaurant_A,restaurant,225,200.0,206.0,205.0
2025-08-21,restaurant_A,restaurant,245,200.0,205.0,199.0
2025-08-22,restaurant_A,restaurant,217,198.0,198.0,194.0
2025-08-23,restaurant_A,restaurant,207,299.0,299.0,286.0
2025-08-24,restaurant_A,restaurant,176,301.0,301.0,328.0
2025-08-25,restaurant_A,restaurant,221,204.0,201.0,262.0
2025-08-26,restaurant_A,restaurant,198,202.0,205.0,228.0
2025-08-27,restaurant_A,restaurant,194,200.0,207.0,205.0
2025-08-28,restaurant_A,restaurant,243,200.0,206.0,199.0
2025-08-29,restaurant_A,restaurant,206,199.0,199.0,194.0
2025-08-30,restaurant_A,restaurant,160,300.0,299.0,286.0
2025-08-31,restaurant_A,restaurant,179,302.0,301.0,328.0
2025-09-01,restaurant_A,restaurant,182,210.0,207.0,262.0
2025-09-02,restaurant_A,restaurant,229,208.0,211.0,228.0
2025-09-03,restaurant_A,restaurant,219,208.0,215.0,205.0
2025-09-04,restaurant_A,restaurant,213,208.0,214.0,199.0
2025-09-05,restaurant_A,restaurant,252,207.0,209.0,194.0
2025-09-06,restaurant_A,restaurant,204,308.0,192.0,286.0
2025-09-07,restaurant_A,restaurant,173,310.0,191.0,328.0
2025-09-08,restaurant_A,restaurant,231,211.0,207.0,262.0
2025-09-09,restaurant_A,restaurant,231,209.0,211.0,228.0
2025-09-10,restaurant_A,restaurant,225,208.0,215.0,205.0
2025-09-11,restaurant_A,restaurant,190,209.0,214.0,199.0
2025-09-12,restaurant_A,restaurant,228,207.0,209.0,194.0
2025-09-13,restaurant_A,restaurant,168,309.0,192.0,286.0
2025-09-14,restaurant_A,restaurant,158,310.0,191.0,328.0
2025-09-15,restaurant_A,restaurant,228,211.0,207.0,262.0
2025-09-16,restaurant_A,restaurant,399,209.0,211.0,228.0
2025-09-17,restaurant_A,restaurant,216,209.0,215.0,205.0
2025-09-18,restaurant_A,restaurant,248,209.0,214.0,199.0
2025-09-19,restaurant_A,restaurant,194,208.0,209.0,194.0
2025-09-20,restaurant_A,restaurant,211,309.0,192.0,286.0
2025-09-21,restaurant_A,restaurant,169,311.0,191.0,328.0
2025-09-22,restaurant_A,restaurant,225,212.0,207.0,262.0
2025-09-23,restaurant_A,restaurant,245,210.0,210.0,228.0
2025-09-24,restaurant_A,restaurant,220,210.0,215.0,205.0
2025-09-25,restaurant_A,restaurant,195,211.0,214.0,199.0
2025-09-26,restaurant_A,restaurant,223,210.0,208.0,194.0
2025-09-27,restaurant_A,restaurant,174,311.0,193.0,286.0
2025-09-28,restaurant_A,restaurant,198,313.0,191.0,328.0
2025-09-29,restaurant_A,restaurant,208,214.0,206.0,262.0
2025-09-30,restaurant_A,restaurant,241,212.0,211.0,228.0
2025-10-01,restaurant_A,restaurant,332,229.0,236.0,205.0
2025-10-02,restaurant_A,restaurant,314,311.0,280.0,199.0
2025-10-03,restaurant_A,restaurant,197,229.0,231.0,194.0
2025-10-04,restaurant_A,restaurant,188,329.0,206.0,286.0
2025-10-05,restaurant_A,restaurant,192,332.0,207.0,328.0
2025-10-06,restaurant_A,restaurant,241,232.0,228.0,262.0
2025-10-07,restaurant_A,restaurant,230,231.0,233.0,228.0
2025-10-08,restaurant_A,restaurant,211,231.0,236.0,205.0
2025-10-09,restaurant_A,restaurant,263,231.0,236.0,199.0
2025-10-10,restaurant_A,restaurant,255,230.0,232.0,194.0
2025-10-11,restaurant_A,restaurant,218,331.0,206.0,286.0
2025-10-12,restaurant_A,restaurant,173,334.0,208.0,328.0
2025-10-13,restaurant_A,restaurant,248,234.0,229.0,262.0
2025-10-14,restaurant_A,restaurant,248,232.0,234.0,228.0
2025-10-15,restaurant_A,restaurant,227,232.0,237.0,205.0
2025-10-16,restaurant_A,restaurant,240,233.0,237.0,199.0
2025-10-17,restaurant_A,restaurant,239,232.0,233.0,194.0
2025-10-18,restaurant_A,restaurant,239,333.0,207.0,286.0
2025-10-19,restaurant_A,restaurant,237,336.0,209.0,328.0
2025-10-20,restaurant_A,restaurant,281,316.0,288.0,262.0
2025-10-21,restaurant_A,restaurant,403,316.0,282.0,228.0
2025-10-22,restaurant_A,restaurant,233,234.0,238.0,205.0
2025-10-23,restaurant_A,restaurant,264,234.0,238.0,199.0
2025-10-24,restaurant_A,restaurant,268,233.0,234.0,194.0
2025-10-25,restaurant_A,restaurant,190,334.0,207.0,286.0
2025-10-26,restaurant_A,restaurant,214,336.0,209.0,328.0
2025-10-27,restaurant_A,restaurant,249,236.0,231.0,262.0
2025-10-28,restaurant_A,restaurant,263,235.0,236.0,228.0
2025-10-29,restaurant_A,restaurant,213,235.0,238.0,205.0
2025-10-30,restaurant_A,restaurant,272,235.0,238.0,199.0
2025-10-31,restaurant_A,restaurant,258,234.0,235.0,194.0
2025-11-01,restaurant_A,restaurant,271,417.0,318.0,286.0
2025-11-02,restaurant_A,restaurant,224,337.0,207.0,328.0
2025-11-03,restaurant_A,restaurant,225,237.0,237.0,262.0
2025-11-04,restaurant_A,restaurant,267,236.0,242.0,228.0
2025-11-05,restaurant_A,restaurant,231,236.0,244.0,205.0
2025-11-06,restaurant_A,restaurant,226,235.0,243.0,199.0
2025-11-07,restaurant_A,restaurant,227,234.0,239.0,194.0
2025-11-08,restaurant_A,restaurant,196,336.0,207.0,286.0
2025-11-09,restaurant_A,restaurant,220,338.0,208.0,328.0
2025-11-10,restaurant_A,restaurant,269,238.0,238.0,262.0
2025-11-11,restaurant_A,restaurant,242,237.0,242.0,228.0
2025-11-12,restaurant_A,restaurant,237,236.0,244.0,205.0
2025-11-13,restaurant_A,restaurant,271,237.0,244.0,199.0
2025-11-14,restaurant_A,restaurant,220,235.0,239.0,194.0
2025-11-15,restaurant_A,restaurant,197,337.0,207.0,286.0
2025-11-16,restaurant_A,restaurant,239,339.0,208.0,328.0
2025-11-17,restaurant_A,restaurant,245,239.0,238.0,262.0
2025-11-18,restaurant_A,restaurant,246,238.0,242.0,228.0
2025-11-19,restaurant_A,restaurant,245,238.0,245.0,205.0
2025-11-20,restaurant_A,restaurant,234,238.0,244.0,199.0
2025-11-21,restaurant_A,restaurant,221,237.0,240.0,194.0
2025-11-22,restaurant_A,restaurant,222,338.0,208.0,286.0
2025-11-23,restaurant_A,restaurant,194,340.0,209.0,328.0
2025-11-24,restaurant_A,restaurant,332,241.0,239.0,262.0
2025-11-25,restaurant_A,restaurant,233,240.0,243.0,228.0
2025-11-26,restaurant_A,restaurant,230,239.0,245.0,205.0
2025-11-27,restaurant_A,restaurant,272,240.0,245.0,199.0
2025-11-28,restaurant_A,restaurant,289,239.0,241.0,194.0
2025-11-29,restaurant_A,restaurant,215,340.0,208.0,286.0
2025-11-30,restaurant_A,restaurant,222,342.0,209.0,328.0
2025-12-01,restaurant_A,restaurant,213,241.0,249.0,262.0
2025-12-02,restaurant_A,restaurant,240,239.0,250.0,228.0
2025-12-03,restaurant_A,restaurant,235,239.0,248.0,205.0
2025-12-04,restaurant_A,restaurant,217,239.0,244.0,199.0
2025-12-05,restaurant_A,restaurant,250,238.0,243.0,194.0
2025-12-06,restaurant_A,restaurant,180,339.0,216.0,286.0
2025-12-07,restaurant_A,restaurant,194,341.0,221.0,328.0
2025-12-08,restaurant_A,restaurant,240,242.0,249.0,262.0
2025-12-09,restaurant_A,restaurant,238,240.0,251.0,228.0
2025-12-10,restaurant_A,restaurant,259,240.0,249.0,205.0
2025-12-11,restaurant_A,restaurant,260,240.0,244.0,199.0
2025-12-12,restaurant_A,restaurant,269,238.0,243.0,194.0
2025-12-13,restaurant_A,restaurant,230,340.0,216.0,286.0
2025-12-14,restaurant_A,restaurant,233,342.0,221.0,328.0
2025-12-15,restaurant_A,restaurant,255,242.0,250.0,262.0
2025-12-16,restaurant_A,restaurant,266,241.0,251.0,228.0
2025-12-17,restaurant_A,restaurant,272,240.0,249.0,205.0
2025-12-18,restaurant_A,restaurant,254,240.0,244.0,199.0
2025-12-19,restaurant_A,restaurant,248,239.0,243.0,194.0
2025-12-20,restaurant_A,restaurant,212,340.0,216.0,286.0
2025-12-21,restaurant_A,restaurant,201,342.0,222.0,328.0
2025-12-22,restaurant_A,restaurant,223,243.0,250.0,262.0
2025-12-23,restaurant_A,restaurant,263,241.0,252.0,228.0
2025-12-24,restaurant_A,restaurant,248,241.0,249.0,205.0
2025-12-25,restaurant_A,restaurant,331,319.0,326.0,199.0
2025-12-26,restaurant_A,restaurant,194,239.0,243.0,194.0
2025-12-27,restaurant_A,restaurant,231,340.0,216.0,286.0
2025-12-28,restaurant_A,restaurant,213,342.0,222.0,328.0
2025-12-29,restaurant_A,restaurant,243,243.0,250.0,262.0
2025-12-30,restaurant_A,restaurant,278,241.0,252.0,228.0
2025-07-01,restaurant_B,restaurant,248,125.0,125.0,160.0
2025-07-02,restaurant_B,restaurant,117,122.0,122.0,129.0
2025-07-03,restaurant_B,restaurant,142,121.0,121.0,135.0
2025-07-04,restaurant_B,restaurant,108,122.0,122.0,130.0
2025-07-05,restaurant_B,restaurant,214,184.0,184.0,186.0
2025-07-06,restaurant_B,restaurant,237,185.0,185.0,222.0
2025-07-07,restaurant_B,restaurant,127,129.0,129.0,164.0
2025-07-08,restaurant_B,restaurant,139,125.0,125.0,160.0
2025-07-09,restaurant_B,restaurant,135,122.0,122.0,129.0
2025-07-10,restaurant_B,restaurant,148,121.0,121.0,135.0
2025-07-11,restaurant_B,restaurant,117,122.0,122.0,130.0
2025-07-12,restaurant_B,restaurant,205,184.0,184.0,186.0
2025-07-13,restaurant_B,restaurant,220,186.0,186.0,222.0
2025-07-14,restaurant_B,restaurant,125,129.0,129.0,164.0
2025-07-15,restaurant_B,restaurant,172,125.0,125.0,160.0
2025-07-16,restaurant_B,restaurant,111,122.0,122.0,129.0
2025-07-17,restaurant_B,restaurant,130,121.0,121.0,135.0
2025-07-18,restaurant_B,restaurant,127,122.0,122.0,130.0
2025-07-19,restaurant_B,restaurant,238,185.0,185.0,186.0
2025-07-20,restaurant_B,restaurant,197,186.0,186.0,222.0
2025-07-21,restaurant_B,restaurant,125,128.0,128.0,164.0
2025-07-22,restaurant_B,restaurant,138,125.0,125.0,160.0
2025-07-23,restaurant_B,restaurant,133,122.0,122.0,129.0
2025-07-24,restaurant_B,restaurant,131,121.0,121.0,135.0
2025-07-25,restaurant_B,restaurant,121,122.0,122.0,130.0
2025-07-26,restaurant_B,restaurant,192,185.0,185.0,186.0
2025-07-27,restaurant_B,restaurant,217,186.0,186.0,222.0
2025-07-28,restaurant_B,restaurant,130,128.0,128.0,164.0
2025-07-29,restaurant_B,restaurant,155,125.0,125.0,160.0
2025-07-30,restaurant_B,restaurant,103,123.0,123.0,129.0
2025-07-31,restaurant_B,restaurant,139,121.0,121.0,135.0
2025-08-01,restaurant_B,restaurant,159,125.0,125.0,130.0
2025-08-02,restaurant_B,restaurant,176,189.0,189.0,186.0
2025-08-03,restaurant_B,restaurant,177,190.0,190.0,222.0
2025-08-04,restaurant_B,restaurant,159,131.0,128.0,164.0
2025-08-05,restaurant_B,restaurant,136,129.0,131.0,160.0
2025-08-06,restaurant_B,restaurant,164,126.0,130.0,129.0
2025-08-07,restaurant_B,restaurant,154,126.0,129.0,135.0
2025-08-08,restaurant_B,restaurant,153,125.0,125.0,130.0
2025-08-09,restaurant_B,restaurant,113,189.0,189.0,186.0
2025-08-10,restaurant_B,restaurant,109,190.0,190.0,222.0
2025-08-11,restaurant_B,restaurant,126,131.0,128.0,164.0
2025-08-12,restaurant_B,restaurant,120,129.0,131.0,160.0
2025-08-13,restaurant_B,restaurant,135,126.0,130.0,129.0
2025-08-14,restaurant_B,restaurant,134,126.0,130.0,135.0
2025-08-15,restaurant_B,restaurant,161,178.0,180.0,130.0
2025-08-16,restaurant_B,restaurant,110,190.0,190.0,186.0
2025-08-17,restaurant_B,restaurant,140,191.0,191.0,222.0
2025-08-18,restaurant_B,restaurant,126,130.0,128.0,164.0
2025-08-19,restaurant_B,restaurant,137,129.0,130.0,160.0
2025-08-20,restaurant_B,restaurant,135,127.0,131.0,129.0
2025-08-21,restaurant_B,restaurant,143,127.0,131.0,135.0
2025-08-22,restaurant_B,restaurant,136,126.0,126.0,130.0
2025-08-23,restaurant_B,restaurant,120,190.0,190.0,186.0
2025-08-24,restaurant_B,restaurant,119,192.0,191.0,222.0
2025-08-25,restaurant_B,restaurant,151,130.0,128.0,164.0
2025-08-26,restaurant_B,restaurant,116,129.0,130.0,160.0
2025-08-27,restaurant_B,restaurant,130,127.0,132.0,129.0
2025-08-28,restaurant_B,restaurant,143,127.0,131.0,135.0
2025-08-29,restaurant_B,restaurant,123,126.0,126.0,130.0
2025-08-30,restaurant_B,restaurant,110,191.0,190.0,186.0
2025-08-31,restaurant_B,restaurant,114,192.0,192.0,222.0
2025-09-01,restaurant_B,restaurant,116,133.0,132.0,164.0
2025-09-02,restaurant_B,restaurant,135,132.0,134.0,160.0
2025-09-03,restaurant_B,restaurant,132,132.0,137.0,129.0
2025-09-04,restaurant_B,restaurant,124,132.0,136.0,135.0
2025-09-05,restaurant_B,restaurant,160,131.0,133.0,130.0
2025-09-06,restaurant_B,restaurant,130,196.0,122.0,186.0
2025-09-07,restaurant_B,restaurant,107,197.0,121.0,222.0
2025-09-08,restaurant_B,restaurant,152,134.0,132.0,164.0
2025-09-09,restaurant_B,restaurant,147,133.0,134.0,160.0
2025-09-10,restaurant_B,restaurant,150,133.0,137.0,129.0
2025-09-11,restaurant_B,restaurant,132,133.0,136.0,135.0
2025-09-12,restaurant_B,restaurant,122,132.0,133.0,130.0
2025-09-13,restaurant_B,restaurant,108,196.0,122.0,186.0
2025-09-14,restaurant_B,restaurant,105,197.0,121.0,222.0
2025-09-15,restaurant_B,restaurant,133,134.0,132.0,164.0
2025-09-16,restaurant_B,restaurant,216,133.0,134.0,160.0
2025-09-17,restaurant_B,restaurant,147,133.0,137.0,129.0
2025-09-18,restaurant_B,restaurant,156,133.0,136.0,135.0
2025-09-19,restaurant_B,restaurant,113,132.0,133.0,130.0
2025-09-20,restaurant_B,restaurant,113,196.0,123.0,186.0
2025-09-21,restaurant_B,restaurant,112,198.0,122.0,222.0
2025-09-22,restaurant_B,restaurant,166,135.0,132.0,164.0
2025-09-23,restaurant_B,restaurant,142,134.0,134.0,160.0
2025-09-24,restaurant_B,restaurant,145,134.0,137.0,129.0
2025-09-25,restaurant_B,restaurant,138,134.0,136.0,135.0
2025-09-26,restaurant_B,restaurant,158,133.0,133.0,130.0
2025-09-27,restaurant_B,restaurant,99,198.0,123.0,186.0
2025-09-28,restaurant_B,restaurant,118,199.0,122.0,222.0
2025-09-29,restaurant_B,restaurant,150,136.0,131.0,164.0
2025-09-30,restaurant_B,restaurant,161,135.0,134.0,160.0
2025-10-01,restaurant_B,restaurant,221,146.0,150.0,129.0
2025-10-02,restaurant_B,restaurant,213,198.0,178.0,135.0
2025-10-03,restaurant_B,restaurant,133,145.0,147.0,130.0
2025-10-04,restaurant_B,restaurant,122,209.0,131.0,186.0
2025-10-05,restaurant_B,restaurant,132,211.0,132.0,222.0
2025-10-06,restaurant_B,restaurant,150,148.0,145.0,164.0
2025-10-07,restaurant_B,restaurant,145,147.0,149.0,160.0
2025-10-08,restaurant_B,restaurant,172,147.0,150.0,129.0
2025-10-09,restaurant_B,restaurant,171,147.0,150.0,135.0
2025-10-10,restaurant_B,restaurant,144,146.0,148.0,130.0
2025-10-11,restaurant_B,restaurant,135,211.0,131.0,186.0
2025-10-12,restaurant_B,restaurant,118,212.0,132.0,222.0
2025-10-13,restaurant_B,restaurant,140,149.0,146.0,164.0
2025-10-14,restaurant_B,restaurant,162,148.0,149.0,160.0
2025-10-15,restaurant_B,restaurant,137,148.0,151.0,129.0
2025-10-16,restaurant_B,restaurant,164,148.0,151.0,135.0
2025-10-17,restaurant_B,restaurant,150,147.0,148.0,130.0
2025-10-18,restaurant_B,restaurant,129,212.0,132.0,186.0
2025-10-19,restaurant_B,restaurant,134,213.0,133.0,222.0
2025-10-20,restaurant_B,restaurant,214,201.0,183.0,164.0
2025-10-21,restaurant_B,restaurant,197,201.0,180.0,160.0
2025-10-22,restaurant_B,restaurant,169,149.0,151.0,129.0
2025-10-23,restaurant_B,restaurant,157,149.0,151.0,135.0
2025-10-24,restaurant_B,restaurant,142,148.0,149.0,130.0
2025-10-25,restaurant_B,restaurant,129,212.0,132.0,186.0
2025-10-26,restaurant_B,restaurant,146,214.0,133.0,222.0
2025-10-27,restaurant_B,restaurant,183,150.0,147.0,164.0
2025-10-28,restaurant_B,restaurant,169,149.0,150.0,160.0
2025-10-29,restaurant_B,restaurant,121,149.0,152.0,129.0
2025-10-30,restaurant_B,restaurant,164,149.0,152.0,135.0
2025-10-31,restaurant_B,restaurant,175,149.0,149.0,130.0
2025-11-01,restaurant_B,restaurant,185,265.0,202.0,186.0
2025-11-02,restaurant_B,restaurant,139,214.0,132.0,222.0
2025-11-03,restaurant_B,restaurant,140,151.0,151.0,164.0
2025-11-04,restaurant_B,restaurant,159,150.0,154.0,160.0
2025-11-05,restaurant_B,restaurant,147,150.0,155.0,129.0
2025-11-06,restaurant_B,restaurant,134,150.0,155.0,135.0
2025-11-07,restaurant_B,restaurant,155,149.0,152.0,130.0
2025-11-08,restaurant_B,restaurant,133,213.0,131.0,186.0
2025-11-09,restaurant_B,restaurant,137,215.0,132.0,222.0
2025-11-10,restaurant_B,restaurant,142,151.0,151.0,164.0
2025-11-11,restaurant_B,restaurant,164,150.0,154.0,160.0
2025-11-12,restaurant_B,restaurant,159,150.0,155.0,129.0
2025-11-13,restaurant_B,restaurant,156,150.0,155.0,135.0
2025-11-14,restaurant_B,restaurant,137,150.0,152.0,130.0
2025-11-15,restaurant_B,restaurant,137,214.0,132.0,186.0
2025-11-16,restaurant_B,restaurant,158,215.0,132.0,222.0
2025-11-17,restaurant_B,restaurant,144,152.0,151.0,164.0
2025-11-18,restaurant_B,restaurant,157,151.0,154.0,160.0
2025-11-19,restaurant_B,restaurant,150,151.0,156.0,129.0
2025-11-20,restaurant_B,restaurant,153,151.0,155.0,135.0
2025-11-21,restaurant_B,restaurant,158,150.0,153.0,130.0
2025-11-22,restaurant_B,restaurant,149,215.0,132.0,186.0
2025-11-23,restaurant_B,restaurant,152,216.0,133.0,222.0
2025-11-24,restaurant_B,restaurant,172,153.0,152.0,164.0
2025-11-25,restaurant_B,restaurant,157,152.0,155.0,160.0
2025-11-26,restaurant_B,restaurant,198,152.0,156.0,129.0
2025-11-27,restaurant_B,restaurant,161,152.0,156.0,135.0
2025-11-28,restaurant_B,restaurant,155,152.0,154.0,130.0
2025-11-29,restaurant_B,restaurant,118,216.0,132.0,186.0
2025-11-30,restaurant_B,restaurant,151,217.0,133.0,222.0
2025-12-01,restaurant_B,restaurant,170,153.0,158.0,164.0
2025-12-02,restaurant_B,restaurant,195,152.0,159.0,160.0
2025-12-03,restaurant_B,restaurant,146,152.0,158.0,129.0
2025-12-04,restaurant_B,restaurant,181,152.0,155.0,135.0
2025-12-05,restaurant_B,restaurant,159,151.0,154.0,130.0
2025-12-06,restaurant_B,restaurant,146,215.0,137.0,186.0
2025-12-07,restaurant_B,restaurant,120,217.0,141.0,222.0
2025-12-08,restaurant_B,restaurant,179,154.0,159.0,164.0
2025-12-09,restaurant_B,restaurant,172,153.0,160.0,160.0
2025-12-10,restaurant_B,restaurant,159,153.0,158.0,129.0
2025-12-11,restaurant_B,restaurant,170,153.0,155.0,135.0
2025-12-12,restaurant_B,restaurant,150,152.0,155.0,130.0
2025-12-13,restaurant_B,restaurant,132,216.0,137.0,186.0
2025-12-14,restaurant_B,restaurant,131,217.0,141.0,222.0
2025-12-15,restaurant_B,restaurant,140,154.0,159.0,164.0
2025-12-16,restaurant_B,restaurant,177,153.0,160.0,160.0
2025-12-17,restaurant_B,restaurant,183,153.0,158.0,129.0
2025-12-18,restaurant_B,restaurant,151,153.0,155.0,135.0
2025-12-19,restaurant_B,restaurant,167,152.0,155.0,130.0
2025-12-20,restaurant_B,restaurant,135,216.0,137.0,186.0
2025-12-21,restaurant_B,restaurant,140,217.0,141.0,222.0
2025-12-22,restaurant_B,restaurant,130,154.0,159.0,164.0
2025-12-23,restaurant_B,restaurant,157,153.0,160.0,160.0
2025-12-24,restaurant_B,restaurant,181,153.0,159.0,129.0
2025-12-25,restaurant_B,restaurant,221,203.0,208.0,135.0
2025-12-26,restaurant_B,restaurant,160,152.0,155.0,130.0
2025-12-27,restaurant_B,restaurant,136,216.0,138.0,186.0
2025-12-28,restaurant_B,restaurant,125,217.0,141.0,222.0
2025-12-29,restaurant_B,restaurant,183,154.0,159.0,164.0
2025-12-30,restaurant_B,restaurant,174,153.0,160.0,160.0
2025-07-01,cafeteria_A,cafeteria,558,417.0,417.0,434.0
2025-07-02,cafeteria_A,cafeteria,369,416.0,416.0,429.0
2025-07-03,cafeteria_A,cafeteria,390,413.0,413.0,438.0
2025-07-04,cafeteria_A,cafeteria,483,411.0,411.0,403.0
2025-07-05,cafeteria_A,cafeteria,154,153.0,153.0,138.0
2025-07-06,cafeteria_A,cafeteria,137,164.0,164.0,140.0
2025-07-07,cafeteria_A,cafeteria,521,416.0,416.0,442.0
2025-07-08,cafeteria_A,cafeteria,440,416.0,416.0,434.0
2025-07-09,cafeteria_A,cafeteria,433,415.0,415.0,429.0
2025-07-10,cafeteria_A,cafeteria,436,412.0,412.0,438.0
2025-07-11,cafeteria_A,cafeteria,432,410.0,410.0,403.0
2025-07-12,cafeteria_A,cafeteria,147,153.0,153.0,138.0
2025-07-13,cafeteria_A,cafeteria,184,164.0,164.0,140.0
2025-07-14,cafeteria_A,cafeteria,478,416.0,416.0,442.0
2025-07-15,cafeteria_A,cafeteria,602,417.0,417.0,434.0
2025-07-16,cafeteria_A,cafeteria,461,416.0,416.0,429.0
2025-07-17,cafeteria_A,cafeteria,390,413.0,413.0,438.0
2025-07-18,cafeteria_A,cafeteria,484,411.0,411.0,403.0
2025-07-19,cafeteria_A,cafeteria,143,153.0,153.0,138.0
2025-07-20,cafeteria_A,cafeteria,166,164.0,164.0,140.0
2025-07-21,cafeteria_A,cafeteria,371,417.0,417.0,442.0
2025-07-22,cafeteria_A,cafeteria,373,418.0,418.0,434.0
2025-07-23,cafeteria_A,cafeteria,452,416.0,416.0,429.0
2025-07-24,cafeteria_A,cafeteria,399,413.0,413.0,438.0
2025-07-25,cafeteria_A,cafeteria,377,412.0,412.0,403.0
2025-07-26,cafeteria_A,cafeteria,169,154.0,154.0,138.0
2025-07-27,cafeteria_A,cafeteria,185,164.0,164.0,140.0
2025-07-28,cafeteria_A,cafeteria,469,417.0,417.0,442.0
2025-07-29,cafeteria_A,cafeteria,418,419.0,419.0,434.0
2025-07-30,cafeteria_A,cafeteria,437,417.0,417.0,429.0
2025-07-31,cafeteria_A,cafeteria,446,414.0,414.0,438.0
2025-08-01,cafeteria_A,cafeteria,462,410.0,419.0,403.0
2025-08-02,cafeteria_A,cafeteria,158,151.0,161.0,138.0
2025-08-03,cafeteria_A,cafeteria,167,162.0,170.0,140.0
2025-08-04,cafeteria_A,cafeteria,437,415.0,424.0,442.0
2025-08-05,cafeteria_A,cafeteria,465,417.0,426.0,434.0
2025-08-06,cafeteria_A,cafeteria,422,415.0,424.0,429.0
2025-08-07,cafeteria_A,cafeteria,415,412.0,422.0,438.0
2025-08-08,cafeteria_A,cafeteria,462,411.0,420.0,403.0
2025-08-09,cafeteria_A,cafeteria,816,151.0,162.0,138.0
2025-08-10,cafeteria_A,cafeteria,767,161.0,169.0,140.0
2025-08-11,cafeteria_A,cafeteria,509,416.0,425.0,442.0
2025-08-12,cafeteria_A,cafeteria,424,418.0,426.0,434.0
2025-08-13,cafeteria_A,cafeteria,487,416.0,425.0,429.0
2025-08-14,cafeteria_A,cafeteria,441,414.0,423.0,438.0
2025-08-15,cafeteria_A,cafeteria,189,125.0,121.0,403.0
2025-08-16,cafeteria_A,cafeteria,678,152.0,162.0,138.0
2025-08-17,cafeteria_A,cafeteria,670,160.0,167.0,140.0
2025-08-18,cafeteria_A,cafeteria,463,418.0,426.0,442.0
2025-08-19,cafeteria_A,cafeteria,463,419.0,427.0,434.0
2025-08-20,cafeteria_A,cafeteria,517,418.0,426.0,429.0
2025-08-21,cafeteria_A,cafeteria,401,415.0,424.0,438.0
2025-08-22,cafeteria_A,cafeteria,489,413.0,422.0,403.0
2025-08-23,cafeteria_A,cafeteria,765,153.0,162.0,138.0
2025-08-24,cafeteria_A,cafeteria,784,160.0,167.0,140.0
2025-08-25,cafeteria_A,cafeteria,389,419.0,427.0,442.0
2025-08-26,cafeteria_A,cafeteria,504,420.0,428.0,434.0
2025-08-27,cafeteria_A,cafeteria,497,419.0,427.0,429.0
2025-08-28,cafeteria_A,cafeteria,467,416.0,424.0,438.0
2025-08-29,cafeteria_A,cafeteria,452,414.0,422.0,403.0
2025-08-30,cafeteria_A,cafeteria,749,153.0,162.0,138.0
2025-08-31,cafeteria_A,cafeteria,747,159.0,165.0,140.0
2025-09-01,cafeteria_A,cafeteria,470,418.0,468.0,442.0
2025-09-02,cafeteria_A,cafeteria,455,419.0,464.0,434.0
2025-09-03,cafeteria_A,cafeteria,398,418.0,461.0,429.0
2025-09-04,cafeteria_A,cafeteria,419,415.0,462.0,438.0
2025-09-05,cafeteria_A,cafeteria,401,413.0,466.0,403.0
2025-09-06,cafeteria_A,cafeteria,724,151.0,684.0,138.0
2025-09-07,cafeteria_A,cafeteria,750,156.0,684.0,140.0
2025-09-08,cafeteria_A,cafeteria,433,419.0,469.0,442.0
2025-09-09,cafeteria_A,cafeteria,445,420.0,465.0,434.0
2025-09-10,cafeteria_A,cafeteria,411,419.0,462.0,429.0
2025-09-11,cafeteria_A,cafeteria,500,416.0,463.0,438.0
2025-09-12,cafeteria_A,cafeteria,444,414.0,467.0,403.0
2025-09-13,cafeteria_A,cafeteria,719,152.0,684.0,138.0
2025-09-14,cafeteria_A,cafeteria,773,156.0,684.0,140.0
2025-09-15,cafeteria_A,cafeteria,374,420.0,470.0,442.0
2025-09-16,cafeteria_A,cafeteria,517,420.0,466.0,434.0
2025-09-17,cafeteria_A,cafeteria,493,419.0,463.0,429.0
2025-09-18,cafeteria_A,cafeteria,377,416.0,464.0,438.0
2025-09-19,cafeteria_A,cafeteria,489,415.0,468.0,403.0
2025-09-20,cafeteria_A,cafeteria,812,152.0,685.0,138.0
2025-09-21,cafeteria_A,cafeteria,745,156.0,685.0,140.0
2025-09-22,cafeteria_A,cafeteria,435,421.0,471.0,442.0
2025-09-23,cafeteria_A,cafeteria,461,422.0,467.0,434.0
2025-09-24,cafeteria_A,cafeteria,440,421.0,465.0,429.0
2025-09-25,cafeteria_A,cafeteria,497,418.0,466.0,438.0
2025-09-26,cafeteria_A,cafeteria,412,417.0,470.0,403.0
2025-09-27,cafeteria_A,cafeteria,725,154.0,686.0,138.0
2025-09-28,cafeteria_A,cafeteria,707,155.0,686.0,140.0
2025-09-29,cafeteria_A,cafeteria,451,423.0,473.0,442.0
2025-09-30,cafeteria_A,cafeteria,474,424.0,469.0,434.0
2025-10-01,cafeteria_A,cafeteria,547,416.0,437.0,429.0
2025-10-02,cafeteria_A,cafeteria,133,135.0,146.0,438.0
2025-10-03,cafeteria_A,cafeteria,417,412.0,428.0,403.0
2025-10-04,cafeteria_A,cafeteria,726,153.0,677.0,138.0
2025-10-05,cafeteria_A,cafeteria,831,151.0,675.0,140.0
2025-10-06,cafeteria_A,cafeteria,452,418.0,435.0,442.0
2025-10-07,cafeteria_A,cafeteria,424,419.0,437.0,434.0
2025-10-08,cafeteria_A,cafeteria,461,418.0,438.0,429.0
2025-10-09,cafeteria_A,cafeteria,436,415.0,435.0,438.0
2025-10-10,cafeteria_A,cafeteria,424,414.0,429.0,403.0
2025-10-11,cafeteria_A,cafeteria,671,154.0,679.0,138.0
2025-10-12,cafeteria_A,cafeteria,793,152.0,677.0,140.0
2025-10-13,cafeteria_A,cafeteria,358,420.0,436.0,442.0
2025-10-14,cafeteria_A,cafeteria,460,421.0,438.0,434.0
2025-10-15,cafeteria_A,cafeteria,427,420.0,440.0,429.0
2025-10-16,cafeteria_A,cafeteria,422,417.0,436.0,438.0
2025-10-17,cafeteria_A,cafeteria,501,416.0,431.0,403.0
2025-10-18,cafeteria_A,cafeteria,690,155.0,680.0,138.0
2025-10-19,cafeteria_A,cafeteria,686,153.0,678.0,140.0
2025-10-20,cafeteria_A,cafeteria,143,146.0,145.0,442.0
2025-10-21,cafeteria_A,cafeteria,152,155.0,151.0,434.0
2025-10-22,cafeteria_A,cafeteria,433,422.0,441.0,429.0
2025-10-23,cafeteria_A,cafeteria,389,419.0,438.0,438.0
2025-10-24,cafeteria_A,cafeteria,415,417.0,432.0,403.0
2025-10-25,cafeteria_A,cafeteria,809,155.0,681.0,138.0
2025-10-26,cafeteria_A,cafeteria,733,153.0,679.0,140.0
2025-10-27,cafeteria_A,cafeteria,466,423.0,439.0,442.0
2025-10-28,cafeteria_A,cafeteria,440,424.0,441.0,434.0
2025-10-29,cafeteria_A,cafeteria,439,423.0,441.0,429.0
2025-10-30,cafeteria_A,cafeteria,509,420.0,439.0,438.0
2025-10-31,cafeteria_A,cafeteria,448,418.0,433.0,403.0
2025-11-01,cafeteria_A,cafeteria,233,51.0,398.0,138.0
2025-11-02,cafeteria_A,cafeteria,796,154.0,713.0,140.0
2025-11-03,cafeteria_A,cafeteria,444,424.0,433.0,442.0
2025-11-04,cafeteria_A,cafeteria,429,425.0,437.0,434.0
2025-11-05,cafeteria_A,cafeteria,441,424.0,440.0,429.0
2025-11-06,cafeteria_A,cafeteria,443,421.0,440.0,438.0
2025-11-07,cafeteria_A,cafeteria,444,419.0,437.0,403.0
2025-11-08,cafeteria_A,cafeteria,864,155.0,714.0,138.0
2025-11-09,cafeteria_A,cafeteria,752,154.0,713.0,140.0
2025-11-10,cafeteria_A,cafeteria,369,425.0,433.0,442.0
2025-11-11,cafeteria_A,cafeteria,454,426.0,437.0,434.0
2025-11-12,cafeteria_A,cafeteria,468,425.0,440.0,429.0
2025-11-13,cafeteria_A,cafeteria,443,422.0,441.0,438.0
2025-11-14,cafeteria_A,cafeteria,482,420.0,438.0,403.0
2025-11-15,cafeteria_A,cafeteria,739,156.0,715.0,138.0
2025-11-16,cafeteria_A,cafeteria,738,155.0,714.0,140.0
2025-11-17,cafeteria_A,cafeteria,466,427.0,434.0,442.0
2025-11-18,cafeteria_A,cafeteria,422,428.0,438.0,434.0
2025-11-19,cafeteria_A,cafeteria,417,426.0,441.0,429.0
2025-11-20,cafeteria_A,cafeteria,573,424.0,441.0,438.0
2025-11-21,cafeteria_A,cafeteria,422,422.0,438.0,403.0
2025-11-22,cafeteria_A,cafeteria,748,157.0,716.0,138.0
2025-11-23,cafeteria_A,cafeteria,651,156.0,715.0,140.0
2025-11-24,cafeteria_A,cafeteria,464,429.0,434.0,442.0
2025-11-25,cafeteria_A,cafeteria,421,430.0,438.0,434.0
2025-11-26,cafeteria_A,cafeteria,437,428.0,442.0,429.0
2025-11-27,cafeteria_A,cafeteria,501,426.0,442.0,438.0
2025-11-28,cafeteria_A,cafeteria,472,425.0,439.0,403.0
2025-11-29,cafeteria_A,cafeteria,784,157.0,718.0,138.0
2025-11-30,cafeteria_A,cafeteria,646,157.0,717.0,140.0
2025-12-01,cafeteria_A,cafeteria,516,431.0,450.0,442.0
2025-12-02,cafeteria_A,cafeteria,411,432.0,448.0,434.0
2025-12-03,cafeteria_A,cafeteria,515,429.0,451.0,429.0
2025-12-04,cafeteria_A,cafeteria,490,428.0,455.0,438.0
2025-12-05,cafeteria_A,cafeteria,468,426.0,455.0,403.0
2025-12-06,cafeteria_A,cafeteria,702,157.0,737.0,138.0
2025-12-07,cafeteria_A,cafeteria,761,158.0,740.0,140.0
2025-12-08,cafeteria_A,cafeteria,433,432.0,450.0,442.0
2025-12-09,cafeteria_A,cafeteria,454,433.0,449.0,434.0
2025-12-10,cafeteria_A,cafeteria,441,430.0,451.0,429.0
2025-12-11,cafeteria_A,cafeteria,385,428.0,455.0,438.0
2025-12-12,cafeteria_A,cafeteria,492,427.0,455.0,403.0
2025-12-13,cafeteria_A,cafeteria,750,158.0,738.0,138.0
2025-12-14,cafeteria_A,cafeteria,719,158.0,740.0,140.0
2025-12-15,cafeteria_A,cafeteria,434,433.0,451.0,442.0
2025-12-16,cafeteria_A,cafeteria,472,433.0,449.0,434.0
2025-12-17,cafeteria_A,cafeteria,429,431.0,451.0,429.0
2025-12-18,cafeteria_A,cafeteria,376,428.0,455.0,438.0
2025-12-19,cafeteria_A,cafeteria,471,427.0,455.0,403.0
2025-12-20,cafeteria_A,cafeteria,788,158.0,738.0,138.0
2025-12-21,cafeteria_A,cafeteria,738,158.0,740.0,140.0
2025-12-22,cafeteria_A,cafeteria,431,433.0,451.0,442.0
2025-12-23,cafeteria_A,cafeteria,468,434.0,449.0,434.0
2025-12-24,cafeteria_A,cafeteria,410,431.0,452.0,429.0
2025-12-25,cafeteria_A,cafeteria,141,140.0,149.0,438.0
2025-12-26,cafeteria_A,cafeteria,444,428.0,455.0,403.0
2025-12-27,cafeteria_A,cafeteria,800,158.0,738.0,138.0
2025-12-28,cafeteria_A,cafeteria,723,158.0,740.0,140.0
2025-12-29,cafeteria_A,cafeteria,444,433.0,451.0,442.0
2025-12-30,cafeteria_A,cafeteria,538,434.0,449.0,434.0
2025-07-01,cafeteria_B,cafeteria,327,270.0,270.0,265.0
2025-07-02,cafeteria_B,cafeteria,273,270.0,270.0,273.0
2025-07-03,cafeteria_B,cafeteria,268,268.0,268.0,269.0
2025-07-04,cafeteria_B,cafeteria,268,266.0,266.0,275.0
2025-07-05,cafeteria_B,cafeteria,104,99.0,99.0,105.0
2025-07-06,cafeteria_B,cafeteria,103,107.0,107.0,97.0
2025-07-07,cafeteria_B,cafeteria,257,270.0,270.0,275.0
2025-07-08,cafeteria_B,cafeteria,315,270.0,270.0,265.0
2025-07-09,cafeteria_B,cafeteria,275,269.0,269.0,273.0
2025-07-10,cafeteria_B,cafeteria,239,267.0,267.0,269.0
2025-07-11,cafeteria_B,cafeteria,288,266.0,266.0,275.0
2025-07-12,cafeteria_B,cafeteria,104,99.0,99.0,105.0
2025-07-13,cafeteria_B,cafeteria,109,106.0,106.0,97.0
2025-07-14,cafeteria_B,cafeteria,279,270.0,270.0,275.0
2025-07-15,cafeteria_B,cafeteria,392,270.0,270.0,265.0
2025-07-16,cafeteria_B,cafeteria,291,270.0,270.0,273.0
2025-07-17,cafeteria_B,cafeteria,247,268.0,268.0,269.0
2025-07-18,cafeteria_B,cafeteria,254,267.0,267.0,275.0
2025-07-19,cafeteria_B,cafeteria,109,99.0,99.0,105.0
2025-07-20,cafeteria_B,cafeteria,116,106.0,106.0,97.0
2025-07-21,cafeteria_B,cafeteria,282,270.0,270.0,275.0
2025-07-22,cafeteria_B,cafeteria,322,271.0,271.0,265.0
2025-07-23,cafeteria_B,cafeteria,312,270.0,270.0,273.0
2025-07-24,cafeteria_B,cafeteria,293,268.0,268.0,269.0
2025-07-25,cafeteria_B,cafeteria,267,267.0,267.0,275.0
2025-07-26,cafeteria_B,cafeteria,121,100.0,100.0,105.0
2025-07-27,cafeteria_B,cafeteria,106,106.0,106.0,97.0
2025-07-28,cafeteria_B,cafeteria,265,271.0,271.0,275.0
2025-07-29,cafeteria_B,cafeteria,263,271.0,271.0,265.0
2025-07-30,cafeteria_B,cafeteria,290,270.0,270.0,273.0
2025-07-31,cafeteria_B,cafeteria,236,268.0,268.0,269.0
2025-08-01,cafeteria_B,cafeteria,290,265.0,272.0,275.0
2025-08-02,cafeteria_B,cafeteria,98,98.0,104.0,105.0
2025-08-03,cafeteria_B,cafeteria,112,105.0,110.0,97.0
2025-08-04,cafeteria_B,cafeteria,266,269.0,275.0,275.0
2025-08-05,cafeteria_B,cafeteria,283,270.0,276.0,265.0
2025-08-06,cafeteria_B,cafeteria,261,269.0,275.0,273.0
2025-08-07,cafeteria_B,cafeteria,269,267.0,273.0,269.0
2025-08-08,cafeteria_B,cafeteria,313,266.0,272.0,275.0
2025-08-09,cafeteria_B,cafeteria,538,98.0,105.0,105.0
2025-08-10,cafeteria_B,cafeteria,494,104.0,109.0,97.0
2025-08-11,cafeteria_B,cafeteria,287,270.0,275.0,275.0
2025-08-12,cafeteria_B,cafeteria,304,271.0,276.0,265.0
2025-08-13,cafeteria_B,cafeteria,305,270.0,275.0,273.0
2025-08-14,cafeteria_B,cafeteria,257,268.0,274.0,269.0
2025-08-15,cafeteria_B,cafeteria,94,81.0,78.0,275.0
2025-08-16,cafeteria_B,cafeteria,419,99.0,105.0,105.0
2025-08-17,cafeteria_B,cafeteria,503,104.0,108.0,97.0
2025-08-18,cafeteria_B,cafeteria,343,271.0,276.0,275.0
2025-08-19,cafeteria_B,cafeteria,293,272.0,277.0,265.0
2025-08-20,cafeteria_B,cafeteria,243,271.0,276.0,273.0
2025-08-21,cafeteria_B,cafeteria,289,269.0,274.0,269.0
2025-08-22,cafeteria_B,cafeteria,275,268.0,273.0,275.0
2025-08-23,cafeteria_B,cafeteria,430,99.0,105.0,105.0
2025-08-24,cafeteria_B,cafeteria,506,104.0,108.0,97.0
2025-08-25,cafeteria_B,cafeteria,279,272.0,277.0,275.0
2025-08-26,cafeteria_B,cafeteria,281,272.0,277.0,265.0
2025-08-27,cafeteria_B,cafeteria,278,271.0,276.0,273.0
2025-08-28,cafeteria_B,cafeteria,292,270.0,275.0,269.0
2025-08-29,cafeteria_B,cafeteria,280,268.0,274.0,275.0
2025-08-30,cafeteria_B,cafeteria,438,99.0,105.0,105.0
2025-08-31,cafeteria_B,cafeteria,476,103.0,107.0,97.0
2025-09-01,cafeteria_B,cafeteria,298,271.0,302.0,275.0
2025-09-02,cafeteria_B,cafeteria,291,272.0,300.0,265.0
2025-09-03,cafeteria_B,cafeteria,247,271.0,298.0,273.0
2025-09-04,cafeteria_B,cafeteria,321,269.0,299.0,269.0
2025-09-05,cafeteria_B,cafeteria,222,268.0,301.0,275.0
2025-09-06,cafeteria_B,cafeteria,446,98.0,442.0,105.0
2025-09-07,cafeteria_B,cafeteria,465,101.0,442.0,97.0
2025-09-08,cafeteria_B,cafeteria,280,272.0,303.0,275.0
2025-09-09,cafeteria_B,cafeteria,291,272.0,300.0,265.0
2025-09-10,cafeteria_B,cafeteria,307,271.0,299.0,273.0
2025-09-11,cafeteria_B,cafeteria,273,270.0,299.0,269.0
2025-09-12,cafeteria_B,cafeteria,309,268.0,302.0,275.0
2025-09-13,cafeteria_B,cafeteria,492,98.0,442.0,105.0
2025-09-14,cafeteria_B,cafeteria,421,101.0,442.0,97.0
2025-09-15,cafeteria_B,cafeteria,328,272.0,304.0,275.0
2025-09-16,cafeteria_B,cafeteria,319,273.0,301.0,265.0
2025-09-17,cafeteria_B,cafeteria,306,271.0,299.0,273.0
2025-09-18,cafeteria_B,cafeteria,290,270.0,300.0,269.0
2025-09-19,cafeteria_B,cafeteria,297,269.0,302.0,275.0
2025-09-20,cafeteria_B,cafeteria,449,99.0,442.0,105.0
2025-09-21,cafeteria_B,cafeteria,533,101.0,443.0,97.0
2025-09-22,cafeteria_B,cafeteria,244,273.0,304.0,275.0
2025-09-23,cafeteria_B,cafeteria,273,273.0,302.0,265.0
2025-09-24,cafeteria_B,cafeteria,284,273.0,300.0,273.0
2025-09-25,cafeteria_B,cafeteria,286,271.0,301.0,269.0
2025-09-26,cafeteria_B,cafeteria,292,270.0,304.0,275.0
2025-09-27,cafeteria_B,cafeteria,534,100.0,443.0,105.0
2025-09-28,cafeteria_B,cafeteria,476,100.0,443.0,97.0
2025-09-29,cafeteria_B,cafeteria,304,274.0,306.0,275.0
2025-09-30,cafeteria_B,cafeteria,282,275.0,303.0,265.0
2025-10-01,cafeteria_B,cafeteria,336,270.0,282.0,273.0
2025-10-02,cafeteria_B,cafeteria,94,87.0,94.0,269.0
2025-10-03,cafeteria_B,cafeteria,288,267.0,276.0,275.0
2025-10-04,cafeteria_B,cafeteria,432,99.0,437.0,105.0
2025-10-05,cafeteria_B,cafeteria,483,98.0,436.0,97.0
2025-10-06,cafeteria_B,cafeteria,290,271.0,281.0,275.0
2025-10-07,cafeteria_B,cafeteria,250,272.0,282.0,265.0
2025-10-08,cafeteria_B,cafeteria,247,271.0,283.0,273.0
2025-10-09,cafeteria_B,cafeteria,299,269.0,281.0,269.0
2025-10-10,cafeteria_B,cafeteria,266,268.0,277.0,275.0
2025-10-11,cafeteria_B,cafeteria,482,100.0,438.0,105.0
2025-10-12,cafeteria_B,cafeteria,490,98.0,437.0,97.0
2025-10-13,cafeteria_B,cafeteria,258,272.0,282.0,275.0
2025-10-14,cafeteria_B,cafeteria,250,273.0,283.0,265.0
2025-10-15,cafeteria_B,cafeteria,330,272.0,284.0,273.0
2025-10-16,cafeteria_B,cafeteria,292,271.0,282.0,269.0
2025-10-17,cafeteria_B,cafeteria,275,270.0,278.0,275.0
2025-10-18,cafeteria_B,cafeteria,441,100.0,440.0,105.0
2025-10-19,cafeteria_B,cafeteria,452,99.0,438.0,97.0
2025-10-20,cafeteria_B,cafeteria,86,95.0,94.0,275.0
2025-10-21,cafeteria_B,cafeteria,103,100.0,97.0,265.0
2025-10-22,cafeteria_B,cafeteria,274,273.0,285.0,273.0
2025-10-23,cafeteria_B,cafeteria,313,272.0,283.0,269.0
2025-10-24,cafeteria_B,cafeteria,280,271.0,279.0,275.0
2025-10-25,cafeteria_B,cafeteria,437,100.0,440.0,105.0
2025-10-26,cafeteria_B,cafeteria,458,99.0,439.0,97.0
2025-10-27,cafeteria_B,cafeteria,237,274.0,284.0,275.0
2025-10-28,cafeteria_B,cafeteria,289,275.0,285.0,265.0
2025-10-29,cafeteria_B,cafeteria,297,274.0,285.0,273.0
2025-10-30,cafeteria_B,cafeteria,309,272.0,283.0,269.0
2025-10-31,cafeteria_B,cafeteria,254,271.0,280.0,275.0
2025-11-01,cafeteria_B,cafeteria,172,33.0,257.0,105.0
2025-11-02,cafeteria_B,cafeteria,506,100.0,460.0,97.0
2025-11-03,cafeteria_B,cafeteria,338,275.0,279.0,275.0
2025-11-04,cafeteria_B,cafeteria,291,276.0,282.0,265.0
2025-11-05,cafeteria_B,cafeteria,311,275.0,284.0,273.0
2025-11-06,cafeteria_B,cafeteria,256,273.0,284.0,269.0
2025-11-07,cafeteria_B,cafeteria,299,271.0,282.0,275.0
2025-11-08,cafeteria_B,cafeteria,447,101.0,461.0,105.0
2025-11-09,cafeteria_B,cafeteria,417,100.0,460.0,97.0
2025-11-10,cafeteria_B,cafeteria,265,276.0,279.0,275.0
2025-11-11,cafeteria_B,cafeteria,288,276.0,282.0,265.0
2025-11-12,cafeteria_B,cafeteria,284,275.0,284.0,273.0
2025-11-13,cafeteria_B,cafeteria,295,274.0,284.0,269.0
2025-11-14,cafeteria_B,cafeteria,266,273.0,282.0,275.0
2025-11-15,cafeteria_B,cafeteria,406,101.0,461.0,105.0
2025-11-16,cafeteria_B,cafeteria,538,101.0,461.0,97.0
2025-11-17,cafeteria_B,cafeteria,310,277.0,280.0,275.0
2025-11-18,cafeteria_B,cafeteria,264,277.0,282.0,265.0
2025-11-19,cafeteria_B,cafeteria,293,276.0,284.0,273.0
2025-11-20,cafeteria_B,cafeteria,318,275.0,285.0,269.0
2025-11-21,cafeteria_B,cafeteria,301,274.0,283.0,275.0
2025-11-22,cafeteria_B,cafeteria,488,102.0,462.0,105.0
2025-11-23,cafeteria_B,cafeteria,520,101.0,462.0,97.0
2025-11-24,cafeteria_B,cafeteria,282,278.0,280.0,275.0
2025-11-25,cafeteria_B,cafeteria,295,279.0,283.0,265.0
2025-11-26,cafeteria_B,cafeteria,294,278.0,285.0,273.0
2025-11-27,cafeteria_B,cafeteria,293,276.0,285.0,269.0
2025-11-28,cafeteria_B,cafeteria,286,275.0,283.0,275.0
2025-11-29,cafeteria_B,cafeteria,490,102.0,463.0,105.0
2025-11-30,cafeteria_B,cafeteria,485,102.0,462.0,97.0
2025-12-01,cafeteria_B,cafeteria,266,279.0,290.0,275.0
2025-12-02,cafeteria_B,cafeteria,313,280.0,289.0,265.0
2025-12-03,cafeteria_B,cafeteria,274,278.0,291.0,273.0
2025-12-04,cafeteria_B,cafeteria,288,277.0,293.0,269.0
2025-12-05,cafeteria_B,cafeteria,284,276.0,293.0,275.0
2025-12-06,cafeteria_B,cafeteria,503,102.0,475.0,105.0
2025-12-07,cafeteria_B,cafeteria,413,102.0,477.0,97.0
2025-12-08,cafeteria_B,cafeteria,314,280.0,291.0,275.0
2025-12-09,cafeteria_B,cafeteria,279,281.0,290.0,265.0
2025-12-10,cafeteria_B,cafeteria,322,279.0,291.0,273.0
2025-12-11,cafeteria_B,cafeteria,283,278.0,294.0,269.0
2025-12-12,cafeteria_B,cafeteria,291,277.0,293.0,275.0
2025-12-13,cafeteria_B,cafeteria,572,102.0,476.0,105.0
2025-12-14,cafeteria_B,cafeteria,475,103.0,477.0,97.0
2025-12-15,cafeteria_B,cafeteria,326,280.0,291.0,275.0
2025-12-16,cafeteria_B,cafeteria,299,281.0,290.0,265.0
2025-12-17,cafeteria_B,cafeteria,310,279.0,291.0,273.0
2025-12-18,cafeteria_B,cafeteria,295,278.0,294.0,269.0
2025-12-19,cafeteria_B,cafeteria,317,277.0,293.0,275.0
2025-12-20,cafeteria_B,cafeteria,465,102.0,476.0,105.0
2025-12-21,cafeteria_B,cafeteria,450,103.0,477.0,97.0
2025-12-22,cafeteria_B,cafeteria,292,281.0,291.0,275.0
2025-12-23,cafeteria_B,cafeteria,305,281.0,290.0,265.0
2025-12-24,cafeteria_B,cafeteria,295,279.0,291.0,273.0
2025-12-25,cafeteria_B,cafeteria,105,91.0,96.0,269.0
2025-12-26,cafeteria_B,cafeteria,340,277.0,294.0,275.0
2025-12-27,cafeteria_B,cafeteria,450,102.0,476.0,105.0
2025-12-28,cafeteria_B,cafeteria,456,103.0,477.0,97.0
2025-12-29,cafeteria_B,cafeteria,267,281.0,291.0,275.0
2025-12-30,cafeteria_B,cafeteria,352,281.0,290.0,265.0
2025-07-01,hostel_A,hostel,803,638.0,638.0,351.0
2025-07-02,hostel_A,hostel,687,637.0,637.0,381.0
2025-07-03,hostel_A,hostel,646,633.0,633.0,350.0
2025-07-04,hostel_A,hostel,648,629.0,629.0,369.0
2025-07-05,hostel_A,hostel,481,571.0,571.0,326.0
2025-07-06,hostel_A,hostel,592,570.0,570.0,308.0
2025-07-07,hostel_A,hostel,754,638.0,638.0,386.0
2025-07-08,hostel_A,hostel,738,637.0,637.0,351.0
2025-07-09,hostel_A,hostel,533,636.0,636.0,381.0
2025-07-10,hostel_A,hostel,557,631.0,631.0,350.0
2025-07-11,hostel_A,hostel,639,628.0,628.0,369.0
2025-07-12,hostel_A,hostel,504,570.0,570.0,326.0
2025-07-13,hostel_A,hostel,572,571.0,571.0,308.0
2025-07-14,hostel_A,hostel,697,638.0,638.0,386.0
2025-07-15,hostel_A,hostel,696,638.0,638.0,351.0
2025-07-16,hostel_A,hostel,717,637.0,637.0,381.0
2025-07-17,hostel_A,hostel,660,633.0,633.0,350.0
2025-07-18,hostel_A,hostel,638,630.0,630.0,369.0
2025-07-19,hostel_A,hostel,551,571.0,571.0,326.0
2025-07-20,hostel_A,hostel,524,572.0,572.0,308.0
2025-07-21,hostel_A,hostel,612,639.0,639.0,386.0
2025-07-22,hostel_A,hostel,671,640.0,640.0,351.0
2025-07-23,hostel_A,hostel,683,638.0,638.0,381.0
2025-07-24,hostel_A,hostel,656,633.0,633.0,350.0
2025-07-25,hostel_A,hostel,690,631.0,631.0,369.0
2025-07-26,hostel_A,hostel,597,572.0,572.0,326.0
2025-07-27,hostel_A,hostel,585,574.0,574.0,308.0
2025-07-28,hostel_A,hostel,675,640.0,640.0,386.0
2025-07-29,hostel_A,hostel,632,642.0,642.0,351.0
2025-07-30,hostel_A,hostel,682,639.0,639.0,381.0
2025-07-31,hostel_A,hostel,606,634.0,634.0,350.0
2025-08-01,hostel_A,hostel,596,626.0,638.0,369.0
2025-08-02,hostel_A,hostel,637,568.0,579.0,326.0
2025-08-03,hostel_A,hostel,606,569.0,581.0,308.0
2025-08-04,hostel_A,hostel,656,636.0,647.0,386.0
2025-08-05,hostel_A,hostel,683,637.0,649.0,351.0
2025-08-06,hostel_A,hostel,621,636.0,647.0,381.0
2025-08-07,hostel_A,hostel,605,631.0,643.0,350.0
2025-08-08,hostel_A,hostel,587,629.0,640.0,369.0
2025-08-09,hostel_A,hostel,637,569.0,580.0,326.0
2025-08-10,hostel_A,hostel,746,572.0,583.0,308.0
2025-08-11,hostel_A,hostel,691,638.0,648.0,386.0
2025-08-12,hostel_A,hostel,714,640.0,650.0,351.0
2025-08-13,hostel_A,hostel,613,637.0,648.0,381.0
2025-08-14,hostel_A,hostel,730,633.0,644.0,350.0
2025-08-15,hostel_A,hostel,455,429.0,434.0,369.0
2025-08-16,hostel_A,hostel,684,572.0,582.0,326.0
2025-08-17,hostel_A,hostel,623,575.0,586.0,308.0
2025-08-18,hostel_A,hostel,598,640.0,650.0,386.0
2025-08-19,hostel_A,hostel,778,642.0,652.0,351.0
2025-08-20,hostel_A,hostel,755,640.0,650.0,381.0
2025-08-21,hostel_A,hostel,661,636.0,646.0,350.0
2025-08-22,hostel_A,hostel,653,632.0,642.0,369.0
2025-08-23,hostel_A,hostel,764,574.0,583.0,326.0
2025-08-24,hostel_A,hostel,706,577.0,587.0,308.0
2025-08-25,hostel_A,hostel,610,642.0,651.0,386.0
2025-08-26,hostel_A,hostel,777,643.0,652.0,351.0
2025-08-27,hostel_A,hostel,730,641.0,651.0,381.0
2025-08-28,hostel_A,hostel,814,637.0,647.0,350.0
2025-08-29,hostel_A,hostel,695,633.0,643.0,369.0
2025-08-30,hostel_A,hostel,697,575.0,584.0,326.0
2025-08-31,hostel_A,hostel,705,580.0,589.0,308.0
2025-09-01,hostel_A,hostel,590,639.0,660.0,386.0
2025-09-02,hostel_A,hostel,684,641.0,680.0,351.0
2025-09-03,hostel_A,hostel,696,640.0,694.0,381.0
2025-09-04,hostel_A,hostel,739,635.0,690.0,350.0
2025-09-05,hostel_A,hostel,635,632.0,672.0,369.0
2025-09-06,hostel_A,hostel,627,574.0,681.0,326.0
2025-09-07,hostel_A,hostel,754,578.0,676.0,308.0
2025-09-08,hostel_A,hostel,687,642.0,661.0,386.0
2025-09-09,hostel_A,hostel,660,643.0,682.0,351.0
2025-09-10,hostel_A,hostel,654,640.0,695.0,381.0
2025-09-11,hostel_A,hostel,639,636.0,692.0,350.0
2025-09-12,hostel_A,hostel,749,633.0,673.0,369.0
2025-09-13,hostel_A,hostel,569,575.0,681.0,326.0
2025-09-14,hostel_A,hostel,752,578.0,677.0,308.0
2025-09-15,hostel_A,hostel,796,642.0,662.0,386.0
2025-09-16,hostel_A,hostel,658,643.0,683.0,351.0
2025-09-17,hostel_A,hostel,689,641.0,696.0,381.0
2025-09-18,hostel_A,hostel,647,637.0,693.0,350.0
2025-09-19,hostel_A,hostel,661,634.0,674.0,369.0
2025-09-20,hostel_A,hostel,747,575.0,682.0,326.0
2025-09-21,hostel_A,hostel,789,580.0,677.0,308.0
2025-09-22,hostel_A,hostel,640,645.0,664.0,386.0
2025-09-23,hostel_A,hostel,666,646.0,685.0,351.0
2025-09-24,hostel_A,hostel,706,644.0,699.0,381.0
2025-09-25,hostel_A,hostel,929,640.0,695.0,350.0
2025-09-26,hostel_A,hostel,659,638.0,675.0,369.0
2025-09-27,hostel_A,hostel,754,579.0,684.0,326.0
2025-09-28,hostel_A,hostel,647,584.0,679.0,308.0
2025-09-29,hostel_A,hostel,632,648.0,665.0,386.0
2025-09-30,hostel_A,hostel,708,650.0,688.0,351.0
2025-10-01,hostel_A,hostel,675,634.0,678.0,381.0
2025-10-02,hostel_A,hostel,394,429.0,405.0,350.0
2025-10-03,hostel_A,hostel,702,627.0,664.0,369.0
2025-10-04,hostel_A,hostel,745,569.0,676.0,326.0
2025-10-05,hostel_A,hostel,687,572.0,673.0,308.0
2025-10-06,hostel_A,hostel,639,637.0,658.0,386.0
2025-10-07,hostel_A,hostel,565,639.0,671.0,351.0
2025-10-08,hostel_A,hostel,673,637.0,680.0,381.0
2025-10-09,hostel_A,hostel,707,633.0,680.0,350.0
2025-10-10,hostel_A,hostel,568,630.0,667.0,369.0
2025-10-11,hostel_A,hostel,760,573.0,680.0,326.0
2025-10-12,hostel_A,hostel,716,576.0,677.0,308.0
2025-10-13,hostel_A,hostel,722,640.0,660.0,386.0
2025-10-14,hostel_A,hostel,674,642.0,673.0,351.0
2025-10-15,hostel_A,hostel,704,640.0,681.0,381.0
2025-10-16,hostel_A,hostel,682,636.0,682.0,350.0
2025-10-17,hostel_A,hostel,704,634.0,669.0,369.0
2025-10-18,hostel_A,hostel,607,576.0,682.0,326.0
2025-10-19,hostel_A,hostel,615,580.0,679.0,308.0
2025-10-20,hostel_A,hostel,432,447.0,412.0,386.0
2025-10-21,hostel_A,hostel,464,447.0,410.0,351.0
2025-10-22,hostel_A,hostel,699,643.0,684.0,381.0
2025-10-23,hostel_A,hostel,681,639.0,684.0,350.0
2025-10-24,hostel_A,hostel,734,636.0,671.0,369.0
2025-10-25,hostel_A,hostel,769,577.0,683.0,326.0
2025-10-26,hostel_A,hostel,652,581.0,680.0,308.0
2025-10-27,hostel_A,hostel,693,645.0,664.0,386.0
2025-10-28,hostel_A,hostel,635,647.0,676.0,351.0
2025-10-29,hostel_A,hostel,706,645.0,685.0,381.0
2025-10-30,hostel_A,hostel,689,641.0,685.0,350.0
2025-10-31,hostel_A,hostel,526,638.0,672.0,369.0
2025-11-01,hostel_A,hostel,594,399.0,495.0,326.0
2025-11-02,hostel_A,hostel,732,583.0,691.0,308.0
2025-11-03,hostel_A,hostel,697,647.0,656.0,386.0
2025-11-04,hostel_A,hostel,795,649.0,664.0,351.0
2025-11-05,hostel_A,hostel,644,647.0,669.0,381.0
2025-11-06,hostel_A,hostel,674,642.0,668.0,350.0
2025-11-07,hostel_A,hostel,625,639.0,662.0,369.0
2025-11-08,hostel_A,hostel,801,581.0,694.0,326.0
2025-11-09,hostel_A,hostel,697,585.0,692.0,308.0
2025-11-10,hostel_A,hostel,682,649.0,657.0,386.0
2025-11-11,hostel_A,hostel,733,651.0,664.0,351.0
2025-11-12,hostel_A,hostel,758,648.0,670.0,381.0
2025-11-13,hostel_A,hostel,660,645.0,669.0,350.0
2025-11-14,hostel_A,hostel,804,641.0,663.0,369.0
2025-11-15,hostel_A,hostel,874,583.0,695.0,326.0
2025-11-16,hostel_A,hostel,733,588.0,693.0,308.0
2025-11-17,hostel_A,hostel,675,652.0,658.0,386.0
2025-11-18,hostel_A,hostel,672,654.0,665.0,351.0
2025-11-19,hostel_A,hostel,756,650.0,670.0,381.0
2025-11-20,hostel_A,hostel,649,647.0,670.0,350.0
2025-11-21,hostel_A,hostel,660,644.0,664.0,369.0
2025-11-22,hostel_A,hostel,632,587.0,696.0,326.0
2025-11-23,hostel_A,hostel,640,591.0,694.0,308.0
2025-11-24,hostel_A,hostel,671,655.0,659.0,386.0
2025-11-25,hostel_A,hostel,684,657.0,666.0,351.0
2025-11-26,hostel_A,hostel,791,653.0,672.0,381.0
2025-11-27,hostel_A,hostel,732,651.0,671.0,350.0
2025-11-28,hostel_A,hostel,641,648.0,666.0,369.0
2025-11-29,hostel_A,hostel,683,590.0,697.0,326.0
2025-11-30,hostel_A,hostel,801,594.0,695.0,308.0
2025-12-01,hostel_A,hostel,735,659.0,681.0,386.0
2025-12-02,hostel_A,hostel,686,660.0,682.0,351.0
2025-12-03,hostel_A,hostel,668,656.0,681.0,381.0
2025-12-04,hostel_A,hostel,747,653.0,688.0,350.0
2025-12-05,hostel_A,hostel,622,651.0,675.0,369.0
2025-12-06,hostel_A,hostel,751,592.0,712.0,326.0
2025-12-07,hostel_A,hostel,873,597.0,715.0,308.0
2025-12-08,hostel_A,hostel,690,661.0,682.0,386.0
2025-12-09,hostel_A,hostel,645,662.0,683.0,351.0
2025-12-10,hostel_A,hostel,701,657.0,682.0,381.0
2025-12-11,hostel_A,hostel,660,655.0,688.0,350.0
2025-12-12,hostel_A,hostel,607,652.0,676.0,369.0
2025-12-13,hostel_A,hostel,773,594.0,712.0,326.0
2025-12-14,hostel_A,hostel,789,598.0,715.0,308.0
2025-12-15,hostel_A,hostel,671,662.0,683.0,386.0
2025-12-16,hostel_A,hostel,677,663.0,683.0,351.0
2025-12-17,hostel_A,hostel,649,657.0,682.0,381.0
2025-12-18,hostel_A,hostel,673,655.0,688.0,350.0
2025-12-19,hostel_A,hostel,660,653.0,676.0,369.0
2025-12-20,hostel_A,hostel,676,594.0,712.0,326.0
2025-12-21,hostel_A,hostel,842,598.0,716.0,308.0
2025-12-22,hostel_A,hostel,762,662.0,683.0,386.0
2025-12-23,hostel_A,hostel,743,664.0,683.0,351.0
2025-12-24,hostel_A,hostel,754,658.0,682.0,381.0
2025-12-25,hostel_A,hostel,523,453.0,474.0,350.0
2025-12-26,hostel_A,hostel,708,653.0,676.0,369.0
2025-12-27,hostel_A,hostel,738,595.0,713.0,326.0
2025-12-28,hostel_A,hostel,702,598.0,716.0,308.0
2025-12-29,hostel_A,hostel,725,662.0,683.0,386.0
2025-12-30,hostel_A,hostel,719,664.0,683.0,351.0
2025-07-01,hostel_B,hostel,394,374.0,374.0,224.0
2025-07-02,hostel_B,hostel,361,373.0,373.0,227.0
2025-07-03,hostel_B,hostel,409,370.0,370.0,209.0
2025-07-04,hostel_B,hostel,411,368.0,368.0,217.0
2025-07-05,hostel_B,hostel,386,334.0,334.0,187.0
2025-07-06,hostel_B,hostel,315,334.0,334.0,179.0
2025-07-07,hostel_B,hostel,386,373.0,373.0,232.0
2025-07-08,hostel_B,hostel,373,373.0,373.0,224.0
2025-07-09,hostel_B,hostel,369,372.0,372.0,227.0
2025-07-10,hostel_B,hostel,318,370.0,370.0,209.0
2025-07-11,hostel_B,hostel,421,368.0,368.0,217.0
2025-07-12,hostel_B,hostel,343,334.0,334.0,187.0
2025-07-13,hostel_B,hostel,331,334.0,334.0,179.0
2025-07-14,hostel_B,hostel,382,373.0,373.0,232.0
2025-07-15,hostel_B,hostel,424,373.0,373.0,224.0
2025-07-16,hostel_B,hostel,417,373.0,373.0,227.0
2025-07-17,hostel_B,hostel,334,370.0,370.0,209.0
2025-07-18,hostel_B,hostel,405,369.0,369.0,217.0
2025-07-19,hostel_B,hostel,384,334.0,334.0,187.0
2025-07-20,hostel_B,hostel,402,335.0,335.0,179.0
2025-07-21,hostel_B,hostel,325,374.0,374.0,232.0
2025-07-22,hostel_B,hostel,375,374.0,374.0,224.0
2025-07-23,hostel_B,hostel,407,373.0,373.0,227.0
2025-07-24,hostel_B,hostel,369,370.0,370.0,209.0
2025-07-25,hostel_B,hostel,353,369.0,369.0,217.0
2025-07-26,hostel_B,hostel,367,335.0,335.0,187.0
2025-07-27,hostel_B,hostel,333,336.0,336.0,179.0
2025-07-28,hostel_B,hostel,424,375.0,375.0,232.0
2025-07-29,hostel_B,hostel,364,375.0,375.0,224.0
2025-07-30,hostel_B,hostel,426,374.0,374.0,227.0
2025-07-31,hostel_B,hostel,324,371.0,371.0,209.0
2025-08-01,hostel_B,hostel,337,366.0,374.0,217.0
2025-08-02,hostel_B,hostel,377,332.0,339.0,187.0
2025-08-03,hostel_B,hostel,403,333.0,340.0,179.0
2025-08-04,hostel_B,hostel,344,372.0,379.0,232.0
2025-08-05,hostel_B,hostel,398,373.0,380.0,224.0
2025-08-06,hostel_B,hostel,332,372.0,379.0,227.0
2025-08-07,hostel_B,hostel,357,369.0,376.0,209.0
2025-08-08,hostel_B,hostel,381,368.0,375.0,217.0
2025-08-09,hostel_B,hostel,409,333.0,340.0,187.0
2025-08-10,hostel_B,hostel,414,335.0,342.0,179.0
2025-08-11,hostel_B,hostel,362,373.0,379.0,232.0
2025-08-12,hostel_B,hostel,369,374.0,380.0,224.0
2025-08-13,hostel_B,hostel,429,373.0,379.0,227.0
2025-08-14,hostel_B,hostel,368,371.0,377.0,209.0
2025-08-15,hostel_B,hostel,253,251.0,254.0,217.0
2025-08-16,hostel_B,hostel,417,335.0,341.0,187.0
2025-08-17,hostel_B,hostel,346,337.0,343.0,179.0
2025-08-18,hostel_B,hostel,370,374.0,380.0,232.0
2025-08-19,hostel_B,hostel,448,376.0,381.0,224.0
2025-08-20,hostel_B,hostel,390,375.0,381.0,227.0
2025-08-21,hostel_B,hostel,427,372.0,378.0,209.0
2025-08-22,hostel_B,hostel,406,370.0,376.0,217.0
2025-08-23,hostel_B,hostel,384,336.0,342.0,187.0
2025-08-24,hostel_B,hostel,446,338.0,344.0,179.0
2025-08-25,hostel_B,hostel,293,376.0,381.0,232.0
2025-08-26,hostel_B,hostel,411,376.0,382.0,224.0
2025-08-27,hostel_B,hostel,403,375.0,381.0,227.0
2025-08-28,hostel_B,hostel,448,373.0,379.0,209.0
2025-08-29,hostel_B,hostel,429,371.0,377.0,217.0
2025-08-30,hostel_B,hostel,383,337.0,342.0,187.0
2025-08-31,hostel_B,hostel,477,339.0,345.0,179.0
2025-09-01,hostel_B,hostel,391,374.0,386.0,232.0
2025-09-02,hostel_B,hostel,380,375.0,398.0,224.0
2025-09-03,hostel_B,hostel,376,374.0,406.0,227.0
2025-09-04,hostel_B,hostel,404,372.0,404.0,209.0
2025-09-05,hostel_B,hostel,418,370.0,393.0,217.0
2025-09-06,hostel_B,hostel,407,336.0,398.0,187.0
2025-09-07,hostel_B,hostel,439,338.0,395.0,179.0
2025-09-08,hostel_B,hostel,397,375.0,387.0,232.0
2025-09-09,hostel_B,hostel,406,376.0,399.0,224.0
2025-09-10,hostel_B,hostel,401,375.0,406.0,227.0
2025-09-11,hostel_B,hostel,445,372.0,404.0,209.0
2025-09-12,hostel_B,hostel,428,370.0,394.0,217.0
2025-09-13,hostel_B,hostel,432,336.0,399.0,187.0
2025-09-14,hostel_B,hostel,470,338.0,396.0,179.0
2025-09-15,hostel_B,hostel,375,376.0,387.0,232.0
2025-09-16,hostel_B,hostel,434,377.0,399.0,224.0
2025-09-17,hostel_B,hostel,470,375.0,407.0,227.0
2025-09-18,hostel_B,hostel,430,373.0,405.0,209.0
2025-09-19,hostel_B,hostel,400,371.0,394.0,217.0
2025-09-20,hostel_B,hostel,387,337.0,399.0,187.0
2025-09-21,hostel_B,hostel,498,339.0,396.0,179.0
2025-09-22,hostel_B,hostel,393,377.0,388.0,232.0
2025-09-23,hostel_B,hostel,374,378.0,401.0,224.0
2025-09-24,hostel_B,hostel,401,377.0,409.0,227.0
2025-09-25,hostel_B,hostel,431,375.0,407.0,209.0
2025-09-26,hostel_B,hostel,379,373.0,395.0,217.0
2025-09-27,hostel_B,hostel,410,339.0,400.0,187.0
2025-09-28,hostel_B,hostel,437,342.0,397.0,179.0
2025-09-29,hostel_B,hostel,393,379.0,389.0,232.0
2025-09-30,hostel_B,hostel,365,380.0,403.0,224.0
2025-10-01,hostel_B,hostel,471,371.0,397.0,227.0
2025-10-02,hostel_B,hostel,303,251.0,237.0,209.0
2025-10-03,hostel_B,hostel,441,367.0,389.0,217.0
2025-10-04,hostel_B,hostel,381,333.0,396.0,187.0
2025-10-05,hostel_B,hostel,425,335.0,394.0,179.0
2025-10-06,hostel_B,hostel,385,373.0,385.0,232.0
2025-10-07,hostel_B,hostel,346,374.0,393.0,224.0
2025-10-08,hostel_B,hostel,400,373.0,398.0,227.0
2025-10-09,hostel_B,hostel,396,370.0,398.0,209.0
2025-10-10,hostel_B,hostel,470,369.0,390.0,217.0
2025-10-11,hostel_B,hostel,455,335.0,398.0,187.0
2025-10-12,hostel_B,hostel,416,337.0,396.0,179.0
2025-10-13,hostel_B,hostel,392,375.0,386.0,232.0
2025-10-14,hostel_B,hostel,380,376.0,394.0,224.0
2025-10-15,hostel_B,hostel,360,375.0,399.0,227.0
2025-10-16,hostel_B,hostel,332,372.0,399.0,209.0
2025-10-17,hostel_B,hostel,357,371.0,392.0,217.0
2025-10-18,hostel_B,hostel,408,337.0,400.0,187.0
2025-10-19,hostel_B,hostel,342,340.0,398.0,179.0
2025-10-20,hostel_B,hostel,256,262.0,241.0,232.0
2025-10-21,hostel_B,hostel,268,262.0,240.0,224.0
2025-10-22,hostel_B,hostel,388,376.0,400.0,227.0
2025-10-23,hostel_B,hostel,367,374.0,400.0,209.0
2025-10-24,hostel_B,hostel,381,372.0,393.0,217.0
2025-10-25,hostel_B,hostel,470,338.0,400.0,187.0
2025-10-26,hostel_B,hostel,430,340.0,398.0,179.0
2025-10-27,hostel_B,hostel,379,378.0,389.0,232.0
2025-10-28,hostel_B,hostel,395,378.0,396.0,224.0
2025-10-29,hostel_B,hostel,417,377.0,401.0,227.0
2025-10-30,hostel_B,hostel,368,375.0,401.0,209.0
2025-10-31,hostel_B,hostel,379,373.0,394.0,217.0
2025-11-01,hostel_B,hostel,310,234.0,290.0,187.0
2025-11-02,hostel_B,hostel,395,341.0,405.0,179.0
2025-11-03,hostel_B,hostel,391,379.0,385.0,232.0
2025-11-04,hostel_B,hostel,396,380.0,389.0,224.0
2025-11-05,hostel_B,hostel,390,378.0,392.0,227.0
2025-11-06,hostel_B,hostel,332,376.0,392.0,209.0
2025-11-07,hostel_B,hostel,378,374.0,388.0,217.0
2025-11-08,hostel_B,hostel,439,340.0,406.0,187.0
2025-11-09,hostel_B,hostel,425,342.0,405.0,179.0
2025-11-10,hostel_B,hostel,470,380.0,385.0,232.0
2025-11-11,hostel_B,hostel,429,381.0,389.0,224.0
2025-11-12,hostel_B,hostel,474,379.0,392.0,227.0
2025-11-13,hostel_B,hostel,484,377.0,392.0,209.0
2025-11-14,hostel_B,hostel,456,375.0,389.0,217.0
2025-11-15,hostel_B,hostel,422,341.0,407.0,187.0
2025-11-16,hostel_B,hostel,450,344.0,406.0,179.0
2025-11-17,hostel_B,hostel,373,381.0,385.0,232.0
2025-11-18,hostel_B,hostel,390,383.0,390.0,224.0
2025-11-19,hostel_B,hostel,377,380.0,393.0,227.0
2025-11-20,hostel_B,hostel,410,379.0,392.0,209.0
2025-11-21,hostel_B,hostel,373,377.0,389.0,217.0
2025-11-22,hostel_B,hostel,395,343.0,408.0,187.0
2025-11-23,hostel_B,hostel,424,346.0,406.0,179.0
2025-11-24,hostel_B,hostel,403,383.0,386.0,232.0
2025-11-25,hostel_B,hostel,343,385.0,390.0,224.0
2025-11-26,hostel_B,hostel,356,382.0,393.0,227.0
2025-11-27,hostel_B,hostel,373,381.0,393.0,209.0
2025-11-28,hostel_B,hostel,375,379.0,390.0,217.0
2025-11-29,hostel_B,hostel,437,345.0,409.0,187.0
2025-11-30,hostel_B,hostel,426,348.0,407.0,179.0
2025-12-01,hostel_B,hostel,427,386.0,399.0,232.0
2025-12-02,hostel_B,hostel,424,386.0,399.0,224.0
2025-12-03,hostel_B,hostel,440,384.0,399.0,227.0
2025-12-04,hostel_B,hostel,418,382.0,402.0,209.0
2025-12-05,hostel_B,hostel,399,381.0,395.0,217.0
2025-12-06,hostel_B,hostel,464,347.0,416.0,187.0
2025-12-07,hostel_B,hostel,457,349.0,418.0,179.0
2025-12-08,hostel_B,hostel,408,387.0,399.0,232.0
2025-12-09,hostel_B,hostel,443,387.0,400.0,224.0
2025-12-10,hostel_B,hostel,328,384.0,399.0,227.0
2025-12-11,hostel_B,hostel,390,383.0,403.0,209.0
2025-12-12,hostel_B,hostel,386,382.0,395.0,217.0
2025-12-13,hostel_B,hostel,467,347.0,417.0,187.0
2025-12-14,hostel_B,hostel,477,350.0,418.0,179.0
2025-12-15,hostel_B,hostel,357,387.0,399.0,232.0
2025-12-16,hostel_B,hostel,456,388.0,400.0,224.0
2025-12-17,hostel_B,hostel,372,385.0,399.0,227.0
2025-12-18,hostel_B,hostel,362,383.0,403.0,209.0
2025-12-19,hostel_B,hostel,395,382.0,395.0,217.0
2025-12-20,hostel_B,hostel,417,348.0,417.0,187.0
2025-12-21,hostel_B,hostel,373,350.0,419.0,179.0
2025-12-22,hostel_B,hostel,451,388.0,400.0,232.0
2025-12-23,hostel_B,hostel,437,388.0,400.0,224.0
2025-12-24,hostel_B,hostel,446,385.0,399.0,227.0
2025-12-25,hostel_B,hostel,277,265.0,277.0,209.0
2025-12-26,hostel_B,hostel,426,382.0,396.0,217.0
2025-12-27,hostel_B,hostel,420,348.0,417.0,187.0
2025-12-28,hostel_B,hostel,479,350.0,419.0,179.0
2025-12-29,hostel_B,hostel,326,387.0,400.0,232.0
2025-12-30,hostel_B,hostel,378,388.0,400.0,224.0
