date,outlet,group,pred,low,high,weekend,holiday,semester_break,temp,rain_chance,event
2025-12-31,cafeteria_A,cafeteria,147,117,177,0.0,1.0,0.0,21.3,0.06557377,0.0
2026-01-01,cafeteria_A,cafeteria,148,118,178,0.0,1.0,0.0,21.3,0.11290322,0.0
2026-01-02,cafeteria_A,cafeteria,456,363,549,0.0,0.0,0.0,21.2,0.11290322,0.0
2026-01-03,cafeteria_A,cafeteria,729,581,878,1.0,0.0,0.0,21.1,0.11290322,0.0
2026-01-04,cafeteria_A,cafeteria,727,579,876,1.0,0.0,0.0,21.1,0.11290322,0.0
2026-01-05,cafeteria_A,cafeteria,453,361,545,0.0,0.0,0.0,21.1,0.11290322,0.0
2026-01-06,cafeteria_A,cafeteria,454,362,547,0.0,0.0,0.0,21.0,0.11290322,0.0
2026-01-07,cafeteria_A,cafeteria,454,362,547,0.0,0.0,0.0,21.1,0.11290322,0.0
2026-01-08,cafeteria_A,cafeteria,457,364,550,0.0,0.0,0.0,21.2,0.11290322,0.0
2026-01-09,cafeteria_A,cafeteria,456,363,549,0.0,0.0,0.0,21.2,0.11290322,0.0
2026-01-10,cafeteria_A,cafeteria,729,581,878,1.0,0.0,0.0,21.0,0.11290322,0.0
2026-01-11,cafeteria_A,cafeteria,728,579,876,1.0,0.0,0.0,21.0,0.11290322,0.0
2026-01-12,cafeteria_A,cafeteria,453,361,545,0.0,0.0,0.0,21.0,0.11290322,0.0
2026-01-13,cafeteria_A,cafeteria,454,362,547,0.0,0.0,0.0,21.0,0.11290322,0.0
2026-01-14,cafeteria_A,cafeteria,149,118,179,0.0,1.0,0.0,21.2,0.11290322,0.0
2026-01-15,cafeteria_A,cafeteria,457,364,550,0.0,0.0,0.0,21.2,0.11290322,0.0
2026-01-16,cafeteria_A,cafeteria,456,363,549,0.0,0.0,0.0,21.2,0.11290322,0.0
2026-01-17,cafeteria_A,cafeteria,729,580,877,1.0,0.0,0.0,21.2,0.11290322,0.0
2026-01-18,cafeteria_A,cafeteria,727,579,875,1.0,0.0,0.0,21.3,0.11290322,0.0
2026-01-19,cafeteria_A,cafeteria,453,360,545,0.0,0.0,0.0,21.2,0.11290322,0.0
2026-01-20,cafeteria_A,cafeteria,454,361,546,0.0,0.0,0.0,21.2,0.11290322,0.0
2026-01-21,cafeteria_A,cafeteria,454,361,546,0.0,0.0,0.0,21.3,0.11290322,0.0
2026-01-22,cafeteria_A,cafeteria,457,364,550,0.0,0.0,0.0,21.4,0.11290322,0.0
2026-01-23,cafeteria_A,cafeteria,455,363,548,0.0,0.0,0.0,21.3,0.11290322,0.0
2026-01-24,cafeteria_A,cafeteria,729,580,877,1.0,0.0,0.0,21.3,0.11290322,0.0
2026-01-25,cafeteria_A,cafeteria,727,579,875,1.0,0.0,0.0,21.4,0.11290322,0.0
2026-01-26,cafeteria_A,cafeteria,144,115,173,0.0,1.0,0.0,21.4,0.11290322,0.0
2026-01-27,cafeteria_A,cafeteria,453,361,545,0.0,0.0,0.0,21.4,0.11290322,0.0
2026-01-28,cafeteria_A,cafeteria,453,361,546,0.0,0.0,0.0,21.4,0.11290322,0.0
2026-01-29,cafeteria_A,cafeteria,457,364,550,0.0,0.0,0.0,21.3,0.11290322,0.0
2026-01-30,cafeteria_A,cafeteria,455,363,548,0.0,0.0,0.0,21.3,0.11290322,0.0
2026-01-31,cafeteria_A,cafeteria,729,580,877,1.0,0.0,0.0,21.3,0.11290322,0.0
2026-02-01,cafeteria_A,cafeteria,727,579,875,1.0,0.0,0.0,21.3,0.12280702,0.0
2026-02-02,cafeteria_A,cafeteria,452,360,545,0.0,0.0,0.0,21.4,0.12280702,0.0
2026-02-03,cafeteria_A,cafeteria,453,361,546,0.0,0.0,0.0,21.5,0.12280702,0.0
2026-02-04,cafeteria_A,cafeteria,453,361,546,0.0,0.0,0.0,21.6,0.12280702,0.0
2026-02-05,cafeteria_A,cafeteria,456,363,549,0.0,0.0,0.0,21.7,0.12280702,0.0
2026-02-06,cafeteria_A,cafeteria,455,362,547,0.0,0.0,0.0,21.8,0.12280702,0.0
2026-02-07,cafeteria_A,cafeteria,727,579,876,1.0,0.0,0.0,21.8,0.12280702,0.0
2026-02-08,cafeteria_A,cafeteria,725,578,873,1.0,0.0,0.0,21.9,0.12280702,0.0
2026-02-09,cafeteria_A,cafeteria,451,360,543,0.0,0.0,0.0,21.9,0.12280702,0.0
2026-02-10,cafeteria_A,cafeteria,452,360,544,0.0,0.0,0.0,22.0,0.12280702,0.0
2026-02-11,cafeteria_A,cafeteria,452,360,544,0.0,0.0,0.0,22.1,0.12280702,0.0
2026-02-12,cafeteria_A,cafeteria,455,363,548,0.0,0.0,0.0,22.1,0.12280702,0.0
2026-02-13,cafeteria_A,cafeteria,454,362,546,0.0,0.0,0.0,22.1,0.12280702,0.0
2026-02-14,cafeteria_A,cafeteria,727,579,875,1.0,0.0,0.0,22.1,0.12280702,0.0
2026-02-15,cafeteria_A,cafeteria,725,577,872,1.0,0.0,0.0,22.2,0.12280702,0.0
2026-02-16,cafeteria_A,cafeteria,451,359,543,0.0,0.0,0.0,22.2,0.12280702,0.0
2026-02-17,cafeteria_A,cafeteria,452,360,544,0.0,0.0,0.0,22.2,0.12280702,0.0
2026-02-18,cafeteria_A,cafeteria,452,360,544,0.0,0.0,0.0,22.3,0.12280702,0.0
2026-02-19,cafeteria_A,cafeteria,455,362,547,0.0,0.0,0.0,22.4,0.12280702,0.0
2026-02-20,cafeteria_A,cafeteria,453,361,545,0.0,0.0,0.0,22.5,0.12280702,0.0
2026-02-21,cafeteria_A,cafeteria,726,578,873,1.0,0.0,0.0,22.5,0.12280702,0.0
2026-02-22,cafeteria_A,cafeteria,724,576,871,1.0,0.0,0.0,22.5,0.12280702,0.0
2026-02-23,cafeteria_A,cafeteria,450,358,542,0.0,0.0,0.0,22.6,0.12280702,0.0
2026-02-24,cafeteria_A,cafeteria,450,359,542,0.0,0.0,0.0,22.7,0.12280702,0.0
2026-02-25,cafeteria_A,cafeteria,451,359,542,0.0,0.0,0.0,22.7,0.12280702,0.0
2026-02-26,cafeteria_A,cafeteria,454,362,547,0.0,0.0,0.0,22.7,0.12280702,0.0
2026-02-27,cafeteria_A,cafeteria,453,360,545,0.0,0.0,0.0,22.7,0.12280702,0.0
2026-02-28,cafeteria_A,cafeteria,724,577,872,1.0,0.0,0.0,22.9,0.12280702,0.0
2026-03-01,cafeteria_A,cafeteria,722,575,868,1.0,0.0,0.0,23.0,0.08064516,0.0
2026-03-02,cafeteria_A,cafeteria,448,357,539,0.0,0.0,0.0,23.1,0.08064516,0.0
2026-03-03,cafeteria_A,cafeteria,448,356,539,0.0,0.0,0.0,23.3,0.08064516,0.0
2026-03-04,cafeteria_A,cafeteria,448,356,539,0.0,0.0,0.0,23.4,0.08064516,0.0
2026-03-05,cafeteria_A,cafeteria,451,359,543,0.0,0.0,0.0,23.5,0.08064516,0.0
2026-03-06,cafeteria_A,cafeteria,450,358,541,0.0,0.0,0.0,23.5,0.08064516,0.0
2026-03-07,cafeteria_A,cafeteria,722,575,869,1.0,0.0,0.0,23.6,0.08064516,0.0
2026-03-08,cafeteria_A,cafeteria,720,573,867,1.0,0.0,0.0,23.6,0.08064516,0.0
2026-03-09,cafeteria_A,cafeteria,447,356,538,0.0,0.0,0.0,23.7,0.08064516,0.0
2026-03-10,cafeteria_A,cafeteria,446,355,537,0.0,0.0,0.0,23.8,0.08064516,0.0
2026-03-11,cafeteria_A,cafeteria,447,356,538,0.0,0.0,0.0,23.8,0.08064516,0.0
2026-03-12,cafeteria_A,cafeteria,450,359,542,0.0,0.0,0.0,23.9,0.08064516,0.0
2026-03-13,cafeteria_A,cafeteria,448,357,540,0.0,0.0,0.0,24.1,0.08064516,0.0
2026-03-14,cafeteria_A,cafeteria,290,231,349,1.0,1.0,0.0,24.3,0.08064516,0.0
2026-03-15,cafeteria_A,cafeteria,718,571,864,1.0,0.0,0.0,24.4,0.08064516,0.0
2026-03-16,cafeteria_A,cafeteria,445,354,536,0.0,0.0,0.0,24.6,0.08064516,0.0
2026-03-17,cafeteria_A,cafeteria,444,354,535,0.0,0.0,0.0,24.7,0.08064516,0.0
2026-03-18,cafeteria_A,cafeteria,444,354,535,0.0,0.0,0.0,24.8,0.08064516,0.0
2026-03-19,cafeteria_A,cafeteria,447,356,539,0.0,0.0,0.0,24.9,0.08064516,0.0
2026-03-20,cafeteria_A,cafeteria,446,355,537,0.0,0.0,0.0,25.0,0.08064516,0.0
2026-03-21,cafeteria_A,cafeteria,718,572,864,1.0,0.0,0.0,25.0,0.08064516,0.0
2026-03-22,cafeteria_A,cafeteria,716,570,862,1.0,0.0,0.0,25.0,0.08064516,0.0
2026-03-23,cafeteria_A,cafeteria,444,354,534,0.0,0.0,0.0,25.0,0.08064516,0.0
2026-03-24,cafeteria_A,cafeteria,443,353,534,0.0,0.0,0.0,25.0,0.08064516,0.0
2026-03-25,cafeteria_A,cafeteria,443,353,534,0.0,0.0,0.0,25.2,0.08064516,0.0
2026-03-26,cafeteria_A,cafeteria,447,356,538,0.0,0.0,0.0,25.2,0.08064516,0.0
2026-03-27,cafeteria_A,cafeteria,445,355,536,0.0,0.0,0.0,25.3,0.08064516,0.0
2026-03-28,cafeteria_A,cafeteria,716,570,862,1.0,0.0,0.0,25.5,0.08064516,0.0
2026-03-29,cafeteria_A,cafeteria,714,569,860,1.0,0.0,0.0,25.7,0.08064516,0.0
2026-03-30,cafeteria_A,cafeteria,442,352,532,0.0,0.0,0.0,25.9,0.08064516,0.0
2026-03-31,cafeteria_A,cafeteria,441,351,531,0.0,0.0,0.0,25.9,0.08064516,0.0
2026-04-01,cafeteria_A,cafeteria,442,352,531,0.0,0.0,0.0,26.0,0.083333336,0.0
2026-04-02,cafeteria_A,cafeteria,445,354,535,0.0,0.0,0.0,26.0,0.083333336,0.0
2026-04-03,cafeteria_A,cafeteria,443,353,534,0.0,0.0,0.0,26.1,0.083333336,0.0
2026-04-04,cafeteria_A,cafeteria,715,569,860,1.0,0.0,0.0,26.2,0.083333336,0.0
2026-04-05,cafeteria_A,cafeteria,713,568,858,1.0,0.0,0.0,26.2,0.083333336,0.0
2026-04-06,cafeteria_A,cafeteria,441,351,530,0.0,0.0,0.0,26.4,0.083333336,0.0
2026-04-07,cafeteria_A,cafeteria,440,350,529,0.0,0.0,0.0,26.5,0.083333336,0.0
2026-04-08,cafeteria_A,cafeteria,440,350,530,0.0,0.0,0.0,26.6,0.083333336,0.0
2026-04-09,cafeteria_A,cafeteria,443,352,533,0.0,0.0,0.0,26.7,0.083333336,0.0
2026-04-10,cafeteria_A,cafeteria,441,351,531,0.0,0.0,0.0,26.8,0.083333336,0.0
2026-04-11,cafeteria_A,cafeteria,712,567,857,1.0,0.0,0.0,27.0,0.083333336,0.0
2026-04-12,cafeteria_A,cafeteria,710,566,855,1.0,0.0,0.0,27.1,0.083333336,0.0
2026-04-13,cafeteria_A,cafeteria,439,350,528,0.0,0.0,0.0,27.1,0.083333336,0.0
2026-04-14,cafeteria_A,cafeteria,156,124,187,0.0,1.0,0.0,27.2,0.083333336,0.0
2026-04-15,cafeteria_A,cafeteria,438,349,528,0.0,0.0,0.0,27.3,0.083333336,0.0
2026-04-16,cafeteria_A,cafeteria,441,351,531,0.0,0.0,0.0,27.3,0.083333336,0.0
2026-04-17,cafeteria_A,cafeteria,440,350,529,0.0,0.0,0.0,27.4,0.083333336,0.0
2026-04-18,cafeteria_A,cafeteria,711,566,856,1.0,0.0,0.0,27.5,0.083333336,0.0
2026-04-19,cafeteria_A,cafeteria,709,564,853,1.0,0.0,0.0,27.7,0.083333336,0.0
2026-04-20,cafeteria_A,cafeteria,437,348,526,0.0,0.0,0.0,27.8,0.083333336,0.0
2026-04-21,cafeteria_A,cafeteria,436,347,524,0.0,0.0,0.0,28.0,0.083333336,0.0
2026-04-22,cafeteria_A,cafeteria,436,347,525,0.0,0.0,0.0,28.2,0.083333336,0.0
2026-04-23,cafeteria_A,cafeteria,437,348,526,0.0,0.0,0.0,28.4,0.083333336,0.0
2026-04-24,cafeteria_A,cafeteria,436,347,525,0.0,0.0,0.0,28.6,0.083333336,0.0
2026-04-25,cafeteria_A,cafeteria,708,564,852,1.0,0.0,0.0,28.7,0.083333336,0.0
2026-04-26,cafeteria_A,cafeteria,706,562,849,1.0,0.0,0.0,28.8,0.083333336,0.0
2026-04-27,cafeteria_A,cafeteria,435,346,523,0.0,0.0,0.0,28.8,0.083333336,0.0
2026-04-28,cafeteria_A,cafeteria,433,345,522,0.0,0.0,0.0,28.8,0.083333336,0.0
2026-04-29,cafeteria_A,cafeteria,434,346,523,0.0,0.0,0.0,28.8,0.083333336,0.0
2026-04-30,cafeteria_A,cafeteria,436,347,524,0.0,0.0,0.0,28.9,0.083333336,0.0
2026-05-01,cafeteria_A,cafeteria,414,330,498,0.0,0.0,1.0,29.0,0.032258064,0.0
2026-05-02,cafeteria_A,cafeteria,682,543,821,1.0,0.0,1.0,29.1,0.032258064,0.0
2026-05-03,cafeteria_A,cafeteria,678,540,816,1.0,0.0,1.0,29.2,0.032258064,0.0
2026-05-04,cafeteria_A,cafeteria,413,329,497,0.0,0.0,1.0,29.3,0.032258064,0.0
2026-05-05,cafeteria_A,cafeteria,416,331,500,0.0,0.0,1.0,29.4,0.032258064,0.0
2026-05-06,cafeteria_A,cafeteria,417,332,502,0.0,0.0,1.0,29.6,0.032258064,0.0
2026-05-07,cafeteria_A,cafeteria,415,331,500,0.0,0.0,1.0,29.7,0.032258064,0.0
2026-05-08,cafeteria_A,cafeteria,412,328,496,0.0,0.0,1.0,29.7,0.032258064,0.0
2026-05-09,cafeteria_A,cafeteria,680,542,819,1.0,0.0,1.0,29.8,0.032258064,0.0
2026-05-10,cafeteria_A,cafeteria,677,539,815,1.0,0.0,1.0,29.8,0.032258064,0.0
2026-05-11,cafeteria_A,cafeteria,411,327,495,0.0,0.0,1.0,29.9,0.032258064,0.0
2026-05-12,cafeteria_A,cafeteria,414,330,499,0.0,0.0,1.0,29.9,0.032258064,0.0
2026-05-13,cafeteria_A,cafeteria,416,331,500,0.0,0.0,1.0,30.0,0.032258064,0.0
2026-05-14,cafeteria_A,cafeteria,414,330,499,0.0,0.0,1.0,30.1,0.032258064,0.0
2026-05-15,cafeteria_A,cafeteria,411,327,495,0.0,0.0,1.0,30.2,0.032258064,0.0
2026-05-16,cafeteria_A,cafeteria,679,541,817,1.0,0.0,1.0,30.3,0.032258064,0.0
2026-05-17,cafeteria_A,cafeteria,675,538,813,1.0,0.0,1.0,30.4,0.032258064,0.0
2026-05-18,cafeteria_A,cafeteria,410,327,494,0.0,0.0,1.0,30.4,0.032258064,0.0
2026-05-19,cafeteria_A,cafeteria,413,329,497,0.0,0.0,1.0,30.5,0.032258064,0.0
2026-05-20,cafeteria_A,cafeteria,415,330,499,0.0,0.0,1.0,30.5,0.032258064,0.0
2026-05-21,cafeteria_A,cafeteria,413,329,497,0.0,0.0,1.0,30.6,0.032258064,0.0
2026-05-22,cafeteria_A,cafeteria,410,326,493,0.0,0.0,1.0,30.7,0.032258064,0.0
2026-05-23,cafeteria_A,cafeteria,678,540,816,1.0,0.0,1.0,30.7,0.032258064,0.0
2026-05-24,cafeteria_A,cafeteria,674,537,811,1.0,0.0,1.0,30.9,0.032258064,0.0
2026-05-25,cafeteria_A,cafeteria,409,326,492,0.0,0.0,1.0,30.9,0.032258064,0.0
2026-05-26,cafeteria_A,cafeteria,412,328,496,0.0,0.0,1.0,31.0,0.032258064,0.0
2026-05-27,cafeteria_A,cafeteria,413,329,497,0.0,0.0,1.0,31.1,0.032258064,0.0
2026-05-28,cafeteria_A,cafeteria,412,328,495,0.0,0.0,1.0,31.3,0.032258064,0.0
2026-05-29,cafeteria_A,cafeteria,408,325,491,0.0,0.0,1.0,31.5,0.032258064,0.0
2026-05-30,cafeteria_A,cafeteria,676,538,813,1.0,0.0,1.0,31.6,0.032258064,0.0
2026-05-31,cafeteria_A,cafeteria,672,535,809,1.0,0.0,1.0,31.6,0.032258064,0.0
2026-06-01,cafeteria_A,cafeteria,418,333,503,0.0,0.0,1.0,31.7,0.51666665,0.0
2026-06-02,cafeteria_A,cafeteria,421,335,506,0.0,0.0,1.0,31.8,0.51666665,0.0
2026-06-03,cafeteria_A,cafeteria,422,336,508,0.0,0.0,1.0,31.8,0.51666665,0.0
2026-06-04,cafeteria_A,cafeteria,421,335,507,0.0,0.0,1.0,31.9,0.51666665,0.0
2026-06-05,cafeteria_A,cafeteria,418,333,503,0.0,0.0,1.0,31.9,0.51666665,0.0
2026-06-06,cafeteria_A,cafeteria,685,546,825,1.0,0.0,1.0,31.9,0.51666665,0.0
2026-06-07,cafeteria_A,cafeteria,682,543,821,1.0,0.0,1.0,31.9,0.51666665,0.0
2026-06-08,cafeteria_A,cafeteria,417,332,502,0.0,0.0,1.0,32.0,0.51666665,0.0
2026-06-09,cafeteria_A,cafeteria,420,335,506,0.0,0.0,1.0,31.9,0.51666665,0.0
2026-06-10,cafeteria_A,cafeteria,422,336,508,0.0,0.0,1.0,32.0,0.51666665,0.0
2026-06-11,cafeteria_A,cafeteria,420,335,506,0.0,0.0,1.0,32.1,0.51666665,0.0
2026-06-12,cafeteria_A,cafeteria,417,332,502,0.0,0.0,1.0,32.2,0.51666665,0.0
2026-06-13,cafeteria_A,cafeteria,685,545,824,1.0,0.0,1.0,32.2,0.51666665,0.0
2026-06-14,cafeteria_A,cafeteria,681,542,820,1.0,0.0,1.0,32.2,0.51666665,0.0
2026-06-15,cafeteria_A,cafeteria,416,332,501,0.0,0.0,1.0,32.3,0.51666665,0.0
2026-06-16,cafeteria_A,cafeteria,419,334,505,0.0,0.0,1.0,32.3,0.51666665,0.0
2026-06-17,cafeteria_A,cafeteria,421,335,507,0.0,0.0,1.0,32.4,0.51666665,0.0
2026-06-18,cafeteria_A,cafeteria,419,334,505,0.0,0.0,1.0,32.5,0.51666665,0.0
2026-06-19,cafeteria_A,cafeteria,416,331,501,0.0,0.0,1.0,32.6,0.51666665,0.0
2026-06-20,cafeteria_A,cafeteria,683,544,823,1.0,0.0,1.0,32.7,0.51666665,0.0
2026-06-21,cafeteria_A,cafeteria,680,541,818,1.0,0.0,1.0,32.7,0.51666665,0.0
2026-06-22,cafeteria_A,cafeteria,415,331,500,0.0,0.0,1.0,32.7,0.51666665,0.0
2026-06-23,cafeteria_A,cafeteria,420,334,505,0.0,0.0,1.0,32.7,0.51666665,0.0
2026-06-24,cafeteria_A,cafeteria,420,335,506,0.0,0.0,1.0,32.7,0.51666665,0.0
2026-06-25,cafeteria_A,cafeteria,419,333,504,0.0,0.0,1.0,32.8,0.51666665,0.0
2026-06-26,cafeteria_A,cafeteria,416,331,500,0.0,0.0,1.0,32.8,0.51666665,0.0
2026-06-27,cafeteria_A,cafeteria,683,544,822,1.0,0.0,1.0,32.8,0.51666665,0.0
2026-06-28,cafeteria_A,cafeteria,680,541,818,1.0,0.0,1.0,32.8,0.51666665,0.0
2026-06-29,cafeteria_A,cafeteria,415,331,500,0.0,0.0,1.0,32.7,0.51666665,0.0
2026-06-30,cafeteria_A,cafeteria,420,334,505,0.0,0.0,1.0,32.7,0.51666665,0.0
2025-12-31,cafeteria_B,cafeteria,95,76,115,0.0,1.0,0.0,21.3,0.06557377,0.0
2026-01-01,cafeteria_B,cafeteria,95,76,115,0.0,1.0,0.0,21.3,0.11290322,0.0
2026-01-02,cafeteria_B,cafeteria,294,234,354,0.0,0.0,0.0,21.2,0.11290322,0.0
2026-01-03,cafeteria_B,cafeteria,471,375,567,1.0,0.0,0.0,21.1,0.11290322,0.0
2026-01-04,cafeteria_B,cafeteria,470,374,565,1.0,0.0,0.0,21.1,0.11290322,0.0
2026-01-05,cafeteria_B,cafeteria,292,233,352,0.0,0.0,0.0,21.1,0.11290322,0.0
2026-01-06,cafeteria_B,cafeteria,293,233,353,0.0,0.0,0.0,21.0,0.11290322,0.0
2026-01-07,cafeteria_B,cafeteria,293,233,353,0.0,0.0,0.0,21.1,0.11290322,0.0
2026-01-08,cafeteria_B,cafeteria,295,235,355,0.0,0.0,0.0,21.2,0.11290322,0.0
2026-01-09,cafeteria_B,cafeteria,294,234,354,0.0,0.0,0.0,21.2,0.11290322,0.0
2026-01-10,cafeteria_B,cafeteria,471,375,567,1.0,0.0,0.0,21.0,0.11290322,0.0
2026-01-11,cafeteria_B,cafeteria,470,374,565,1.0,0.0,0.0,21.0,0.11290322,0.0
2026-01-12,cafeteria_B,cafeteria,292,233,352,0.0,0.0,0.0,21.0,0.11290322,0.0
2026-01-13,cafeteria_B,cafeteria,293,233,353,0.0,0.0,0.0,21.0,0.11290322,0.0
2026-01-14,cafeteria_B,cafeteria,96,76,115,0.0,1.0,0.0,21.2,0.11290322,0.0
2026-01-15,cafeteria_B,cafeteria,295,235,355,0.0,0.0,0.0,21.2,0.11290322,0.0
2026-01-16,cafeteria_B,cafeteria,294,234,354,0.0,0.0,0.0,21.2,0.11290322,0.0
2026-01-17,cafeteria_B,cafeteria,470,375,566,1.0,0.0,0.0,21.2,0.11290322,0.0
2026-01-18,cafeteria_B,cafeteria,469,374,565,1.0,0.0,0.0,21.3,0.11290322,0.0
2026-01-19,cafeteria_B,cafeteria,292,233,352,0.0,0.0,0.0,21.2,0.11290322,0.0
2026-01-20,cafeteria_B,cafeteria,293,233,352,0.0,0.0,0.0,21.2,0.11290322,0.0
2026-01-21,cafeteria_B,cafeteria,293,233,352,0.0,0.0,0.0,21.3,0.11290322,0.0
2026-01-22,cafeteria_B,cafeteria,295,235,355,0.0,0.0,0.0,21.4,0.11290322,0.0
2026-01-23,cafeteria_B,cafeteria,294,234,354,0.0,0.0,0.0,21.3,0.11290322,0.0
2026-01-24,cafeteria_B,cafeteria,470,374,566,1.0,0.0,0.0,21.3,0.11290322,0.0
2026-01-25,cafeteria_B,cafeteria,469,373,565,1.0,0.0,0.0,21.4,0.11290322,0.0
2026-01-26,cafeteria_B,cafeteria,93,74,112,0.0,1.0,0.0,21.4,0.11290322,0.0
2026-01-27,cafeteria_B,cafeteria,292,233,352,0.0,0.0,0.0,21.4,0.11290322,0.0
2026-01-28,cafeteria_B,cafeteria,293,233,352,0.0,0.0,0.0,21.4,0.11290322,0.0
2026-01-29,cafeteria_B,cafeteria,295,235,355,0.0,0.0,0.0,21.3,0.11290322,0.0
2026-01-30,cafeteria_B,cafeteria,294,234,354,0.0,0.0,0.0,21.3,0.11290322,0.0
2026-01-31,cafeteria_B,cafeteria,470,374,566,1.0,0.0,0.0,21.3,0.11290322,0.0
2026-02-01,cafeteria_B,cafeteria,469,374,565,1.0,0.0,0.0,21.3,0.12280702,0.0
2026-02-02,cafeteria_B,cafeteria,292,233,352,0.0,0.0,0.0,21.4,0.12280702,0.0
2026-02-03,cafeteria_B,cafeteria,293,233,352,0.0,0.0,0.0,21.5,0.12280702,0.0
2026-02-04,cafeteria_B,cafeteria,293,233,352,0.0,0.0,0.0,21.6,0.12280702,0.0
2026-02-05,cafeteria_B,cafeteria,294,235,354,0.0,0.0,0.0,21.7,0.12280702,0.0
2026-02-06,cafeteria_B,cafeteria,293,234,353,0.0,0.0,0.0,21.8,0.12280702,0.0
2026-02-07,cafeteria_B,cafeteria,470,374,565,1.0,0.0,0.0,21.8,0.12280702,0.0
2026-02-08,cafeteria_B,cafeteria,468,373,564,1.0,0.0,0.0,21.9,0.12280702,0.0
2026-02-09,cafeteria_B,cafeteria,291,232,351,0.0,0.0,0.0,21.9,0.12280702,0.0
2026-02-10,cafeteria_B,cafeteria,292,232,351,0.0,0.0,0.0,22.0,0.12280702,0.0
2026-02-11,cafeteria_B,cafeteria,292,232,351,0.0,0.0,0.0,22.1,0.12280702,0.0
2026-02-12,cafeteria_B,cafeteria,294,234,354,0.0,0.0,0.0,22.1,0.12280702,0.0
2026-02-13,cafeteria_B,cafeteria,293,233,353,0.0,0.0,0.0,22.1,0.12280702,0.0
2026-02-14,cafeteria_B,cafeteria,469,373,565,1.0,0.0,0.0,22.1,0.12280702,0.0
2026-02-15,cafeteria_B,cafeteria,468,372,563,1.0,0.0,0.0,22.2,0.12280702,0.0
2026-02-16,cafeteria_B,cafeteria,291,232,350,0.0,0.0,0.0,22.2,0.12280702,0.0
2026-02-17,cafeteria_B,cafeteria,291,232,351,0.0,0.0,0.0,22.2,0.12280702,0.0
2026-02-18,cafeteria_B,cafeteria,292,232,351,0.0,0.0,0.0,22.3,0.12280702,0.0
2026-02-19,cafeteria_B,cafeteria,294,234,353,0.0,0.0,0.0,22.4,0.12280702,0.0
2026-02-20,cafeteria_B,cafeteria,292,233,352,0.0,0.0,0.0,22.5,0.12280702,0.0
2026-02-21,cafeteria_B,cafeteria,468,373,564,1.0,0.0,0.0,22.5,0.12280702,0.0
2026-02-22,cafeteria_B,cafeteria,467,372,562,1.0,0.0,0.0,22.5,0.12280702,0.0
2026-02-23,cafeteria_B,cafeteria,291,231,350,0.0,0.0,0.0,22.6,0.12280702,0.0
2026-02-24,cafeteria_B,cafeteria,291,231,350,0.0,0.0,0.0,22.7,0.12280702,0.0
2026-02-25,cafeteria_B,cafeteria,291,232,350,0.0,0.0,0.0,22.7,0.12280702,0.0
2026-02-26,cafeteria_B,cafeteria,293,233,353,0.0,0.0,0.0,22.7,0.12280702,0.0
2026-02-27,cafeteria_B,cafeteria,292,233,352,0.0,0.0,0.0,22.7,0.12280702,0.0
2026-02-28,cafeteria_B,cafeteria,468,372,563,1.0,0.0,0.0,22.9,0.12280702,0.0
2026-03-01,cafeteria_B,cafeteria,466,371,561,1.0,0.0,0.0,23.0,0.08064516,0.0
2026-03-02,cafeteria_B,cafeteria,289,230,348,0.0,0.0,0.0,23.1,0.08064516,0.0
2026-03-03,cafeteria_B,cafeteria,289,230,348,0.0,0.0,0.0,23.3,0.08064516,0.0
2026-03-04,cafeteria_B,cafeteria,289,230,348,0.0,0.0,0.0,23.4,0.08064516,0.0
2026-03-05,cafeteria_B,cafeteria,291,232,351,0.0,0.0,0.0,23.5,0.08064516,0.0
2026-03-06,cafeteria_B,cafeteria,290,231,349,0.0,0.0,0.0,23.5,0.08064516,0.0
2026-03-07,cafeteria_B,cafeteria,466,371,561,1.0,0.0,0.0,23.6,0.08064516,0.0
2026-03-08,cafeteria_B,cafeteria,465,370,559,1.0,0.0,0.0,23.6,0.08064516,0.0
2026-03-09,cafeteria_B,cafeteria,288,230,347,0.0,0.0,0.0,23.7,0.08064516,0.0
2026-03-10,cafeteria_B,cafeteria,288,229,347,0.0,0.0,0.0,23.8,0.08064516,0.0
2026-03-11,cafeteria_B,cafeteria,288,230,347,0.0,0.0,0.0,23.8,0.08064516,0.0
2026-03-12,cafeteria_B,cafeteria,291,231,350,0.0,0.0,0.0,23.9,0.08064516,0.0
2026-03-13,cafeteria_B,cafeteria,289,230,348,0.0,0.0,0.0,24.1,0.08064516,0.0
2026-03-14,cafeteria_B,cafeteria,187,149,225,1.0,1.0,0.0,24.3,0.08064516,0.0
2026-03-15,cafeteria_B,cafeteria,463,369,558,1.0,0.0,0.0,24.4,0.08064516,0.0
2026-03-16,cafeteria_B,cafeteria,287,229,346,0.0,0.0,0.0,24.6,0.08064516,0.0
2026-03-17,cafeteria_B,cafeteria,287,228,345,0.0,0.0,0.0,24.7,0.08064516,0.0
2026-03-18,cafeteria_B,cafeteria,287,228,345,0.0,0.0,0.0,24.8,0.08064516,0.0
2026-03-19,cafeteria_B,cafeteria,289,230,348,0.0,0.0,0.0,24.9,0.08064516,0.0
2026-03-20,cafeteria_B,cafeteria,288,229,347,0.0,0.0,0.0,25.0,0.08064516,0.0
2026-03-21,cafeteria_B,cafeteria,463,369,558,1.0,0.0,0.0,25.0,0.08064516,0.0
2026-03-22,cafeteria_B,cafeteria,462,368,556,1.0,0.0,0.0,25.0,0.08064516,0.0
2026-03-23,cafeteria_B,cafeteria,287,228,345,0.0,0.0,0.0,25.0,0.08064516,0.0
2026-03-24,cafeteria_B,cafeteria,286,228,345,0.0,0.0,0.0,25.0,0.08064516,0.0
2026-03-25,cafeteria_B,cafeteria,286,228,344,0.0,0.0,0.0,25.2,0.08064516,0.0
2026-03-26,cafeteria_B,cafeteria,288,230,347,0.0,0.0,0.0,25.2,0.08064516,0.0
2026-03-27,cafeteria_B,cafeteria,287,229,346,0.0,0.0,0.0,25.3,0.08064516,0.0
2026-03-28,cafeteria_B,cafeteria,462,368,557,1.0,0.0,0.0,25.5,0.08064516,0.0
2026-03-29,cafeteria_B,cafeteria,461,367,555,1.0,0.0,0.0,25.7,0.08064516,0.0
2026-03-30,cafeteria_B,cafeteria,285,227,343,0.0,0.0,0.0,25.9,0.08064516,0.0
2026-03-31,cafeteria_B,cafeteria,285,227,343,0.0,0.0,0.0,25.9,0.08064516,0.0
2026-04-01,cafeteria_B,cafeteria,285,227,343,0.0,0.0,0.0,26.0,0.083333336,0.0
2026-04-02,cafeteria_B,cafeteria,287,229,345,0.0,0.0,0.0,26.0,0.083333336,0.0
2026-04-03,cafeteria_B,cafeteria,286,228,344,0.0,0.0,0.0,26.1,0.083333336,0.0
2026-04-04,cafeteria_B,cafeteria,461,367,555,1.0,0.0,0.0,26.2,0.083333336,0.0
2026-04-05,cafeteria_B,cafeteria,460,366,554,1.0,0.0,0.0,26.2,0.083333336,0.0
2026-04-06,cafeteria_B,cafeteria,284,227,342,0.0,0.0,0.0,26.4,0.083333336,0.0
2026-04-07,cafeteria_B,cafeteria,284,226,342,0.0,0.0,0.0,26.5,0.083333336,0.0
2026-04-08,cafeteria_B,cafeteria,284,226,342,0.0,0.0,0.0,26.6,0.083333336,0.0
2026-04-09,cafeteria_B,cafeteria,286,228,344,0.0,0.0,0.0,26.7,0.083333336,0.0
2026-04-10,cafeteria_B,cafeteria,285,227,343,0.0,0.0,0.0,26.8,0.083333336,0.0
2026-04-11,cafeteria_B,cafeteria,460,366,553,1.0,0.0,0.0,27.0,0.083333336,0.0
2026-04-12,cafeteria_B,cafeteria,459,365,552,1.0,0.0,0.0,27.1,0.083333336,0.0
2026-04-13,cafeteria_B,cafeteria,283,226,341,0.0,0.0,0.0,27.1,0.083333336,0.0
2026-04-14,cafeteria_B,cafeteria,100,80,121,0.0,1.0,0.0,27.2,0.083333336,0.0
2026-04-15,cafeteria_B,cafeteria,283,225,341,0.0,0.0,0.0,27.3,0.083333336,0.0
2026-04-16,cafeteria_B,cafeteria,284,227,342,0.0,0.0,0.0,27.3,0.083333336,0.0
2026-04-17,cafeteria_B,cafeteria,284,226,342,0.0,0.0,0.0,27.4,0.083333336,0.0
2026-04-18,cafeteria_B,cafeteria,459,365,552,1.0,0.0,0.0,27.5,0.083333336,0.0
2026-04-19,cafeteria_B,cafeteria,457,364,551,1.0,0.0,0.0,27.7,0.083333336,0.0
2026-04-20,cafeteria_B,cafeteria,282,225,340,0.0,0.0,0.0,27.8,0.083333336,0.0
2026-04-21,cafeteria_B,cafeteria,281,224,338,0.0,0.0,0.0,28.0,0.083333336,0.0
2026-04-22,cafeteria_B,cafeteria,281,224,339,0.0,0.0,0.0,28.2,0.083333336,0.0
2026-04-23,cafeteria_B,cafeteria,282,225,340,0.0,0.0,0.0,28.4,0.083333336,0.0
2026-04-24,cafeteria_B,cafeteria,282,224,339,0.0,0.0,0.0,28.6,0.083333336,0.0
2026-04-25,cafeteria_B,cafeteria,457,364,550,1.0,0.0,0.0,28.7,0.083333336,0.0
2026-04-26,cafeteria_B,cafeteria,455,363,548,1.0,0.0,0.0,28.8,0.083333336,0.0
2026-04-27,cafeteria_B,cafeteria,280,223,338,0.0,0.0,0.0,28.8,0.083333336,0.0
2026-04-28,cafeteria_B,cafeteria,280,223,337,0.0,0.0,0.0,28.8,0.083333336,0.0
2026-04-29,cafeteria_B,cafeteria,280,223,337,0.0,0.0,0.0,28.8,0.083333336,0.0
2026-04-30,cafeteria_B,cafeteria,281,224,339,0.0,0.0,0.0,28.9,0.083333336,0.0
2026-05-01,cafeteria_B,cafeteria,267,213,322,0.0,0.0,1.0,29.0,0.032258064,0.0
2026-05-02,cafeteria_B,cafeteria,440,351,530,1.0,0.0,1.0,29.1,0.032258064,0.0
2026-05-03,cafeteria_B,cafeteria,438,349,527,1.0,0.0,1.0,29.2,0.032258064,0.0
2026-05-04,cafeteria_B,cafeteria,266,212,321,0.0,0.0,1.0,29.3,0.032258064,0.0
2026-05-05,cafeteria_B,cafeteria,268,214,323,0.0,0.0,1.0,29.4,0.032258064,0.0
2026-05-06,cafeteria_B,cafeteria,269,214,324,0.0,0.0,1.0,29.6,0.032258064,0.0
2026-05-07,cafeteria_B,cafeteria,268,213,323,0.0,0.0,1.0,29.7,0.032258064,0.0
2026-05-08,cafeteria_B,cafeteria,266,212,320,0.0,0.0,1.0,29.7,0.032258064,0.0
2026-05-09,cafeteria_B,cafeteria,439,350,528,1.0,0.0,1.0,29.8,0.032258064,0.0
2026-05-10,cafeteria_B,cafeteria,437,348,526,1.0,0.0,1.0,29.8,0.032258064,0.0
2026-05-11,cafeteria_B,cafeteria,265,211,320,0.0,0.0,1.0,29.9,0.032258064,0.0
2026-05-12,cafeteria_B,cafeteria,267,213,322,0.0,0.0,1.0,29.9,0.032258064,0.0
2026-05-13,cafeteria_B,cafeteria,268,214,323,0.0,0.0,1.0,30.0,0.032258064,0.0
2026-05-14,cafeteria_B,cafeteria,267,213,322,0.0,0.0,1.0,30.1,0.032258064,0.0
2026-05-15,cafeteria_B,cafeteria,265,211,319,0.0,0.0,1.0,30.2,0.032258064,0.0
2026-05-16,cafeteria_B,cafeteria,438,349,528,1.0,0.0,1.0,30.3,0.032258064,0.0
2026-05-17,cafeteria_B,cafeteria,436,347,525,1.0,0.0,1.0,30.4,0.032258064,0.0
2026-05-18,cafeteria_B,cafeteria,265,211,319,0.0,0.0,1.0,30.4,0.032258064,0.0
2026-05-19,cafeteria_B,cafeteria,267,212,321,0.0,0.0,1.0,30.5,0.032258064,0.0
2026-05-20,cafeteria_B,cafeteria,268,213,322,0.0,0.0,1.0,30.5,0.032258064,0.0
2026-05-21,cafeteria_B,cafeteria,267,212,321,0.0,0.0,1.0,30.6,0.032258064,0.0
2026-05-22,cafeteria_B,cafeteria,265,211,319,0.0,0.0,1.0,30.7,0.032258064,0.0
2026-05-23,cafeteria_B,cafeteria,438,348,527,1.0,0.0,1.0,30.7,0.032258064,0.0
2026-05-24,cafeteria_B,cafeteria,435,346,524,1.0,0.0,1.0,30.9,0.032258064,0.0
2026-05-25,cafeteria_B,cafeteria,264,210,318,0.0,0.0,1.0,30.9,0.032258064,0.0
2026-05-26,cafeteria_B,cafeteria,266,212,320,0.0,0.0,1.0,31.0,0.032258064,0.0
2026-05-27,cafeteria_B,cafeteria,267,212,321,0.0,0.0,1.0,31.1,0.032258064,0.0
2026-05-28,cafeteria_B,cafeteria,266,212,320,0.0,0.0,1.0,31.3,0.032258064,0.0
2026-05-29,cafeteria_B,cafeteria,263,210,317,0.0,0.0,1.0,31.5,0.032258064,0.0
2026-05-30,cafeteria_B,cafeteria,436,347,525,1.0,0.0,1.0,31.6,0.032258064,0.0
2026-05-31,cafeteria_B,cafeteria,434,346,522,1.0,0.0,1.0,31.6,0.032258064,0.0
2026-06-01,cafeteria_B,cafeteria,270,215,325,0.0,0.0,1.0,31.7,0.51666665,0.0
2026-06-02,cafeteria_B,cafeteria,272,216,327,0.0,0.0,1.0,31.8,0.51666665,0.0
2026-06-03,cafeteria_B,cafeteria,273,217,328,0.0,0.0,1.0,31.8,0.51666665,0.0
2026-06-04,cafeteria_B,cafeteria,272,216,327,0.0,0.0,1.0,31.9,0.51666665,0.0
2026-06-05,cafeteria_B,cafeteria,270,215,325,0.0,0.0,1.0,31.9,0.51666665,0.0
2026-06-06,cafeteria_B,cafeteria,442,352,533,1.0,0.0,1.0,31.9,0.51666665,0.0
2026-06-07,cafeteria_B,cafeteria,440,351,530,1.0,0.0,1.0,31.9,0.51666665,0.0
2026-06-08,cafeteria_B,cafeteria,269,214,324,0.0,0.0,1.0,32.0,0.51666665,0.0
2026-06-09,cafeteria_B,cafeteria,271,216,327,0.0,0.0,1.0,31.9,0.51666665,0.0
2026-06-10,cafeteria_B,cafeteria,272,217,328,0.0,0.0,1.0,32.0,0.51666665,0.0
2026-06-11,cafeteria_B,cafeteria,271,216,327,0.0,0.0,1.0,32.1,0.51666665,0.0
2026-06-12,cafeteria_B,cafeteria,269,214,324,0.0,0.0,1.0,32.2,0.51666665,0.0
2026-06-13,cafeteria_B,cafeteria,442,352,532,1.0,0.0,1.0,32.2,0.51666665,0.0
2026-06-14,cafeteria_B,cafeteria,440,350,529,1.0,0.0,1.0,32.2,0.51666665,0.0
2026-06-15,cafeteria_B,cafeteria,269,214,323,0.0,0.0,1.0,32.3,0.51666665,0.0
2026-06-16,cafeteria_B,cafeteria,271,216,326,0.0,0.0,1.0,32.3,0.51666665,0.0
2026-06-17,cafeteria_B,cafeteria,272,216,327,0.0,0.0,1.0,32.4,0.51666665,0.0
2026-06-18,cafeteria_B,cafeteria,271,216,326,0.0,0.0,1.0,32.5,0.51666665,0.0
2026-06-19,cafeteria_B,cafeteria,269,214,323,0.0,0.0,1.0,32.6,0.51666665,0.0
2026-06-20,cafeteria_B,cafeteria,441,351,531,1.0,0.0,1.0,32.7,0.51666665,0.0
2026-06-21,cafeteria_B,cafeteria,439,349,528,1.0,0.0,1.0,32.7,0.51666665,0.0
2026-06-22,cafeteria_B,cafeteria,268,214,323,0.0,0.0,1.0,32.7,0.51666665,0.0
2026-06-23,cafeteria_B,cafeteria,271,216,326,0.0,0.0,1.0,32.7,0.51666665,0.0
2026-06-24,cafeteria_B,cafeteria,271,216,326,0.0,0.0,1.0,32.7,0.51666665,0.0
2026-06-25,cafeteria_B,cafeteria,270,215,325,0.0,0.0,1.0,32.8,0.51666665,0.0
2026-06-26,cafeteria_B,cafeteria,268,214,323,0.0,0.0,1.0,32.8,0.51666665,0.0
2026-06-27,cafeteria_B,cafeteria,441,351,531,1.0,0.0,1.0,32.8,0.51666665,0.0
2026-06-28,cafeteria_B,cafeteria,439,349,528,1.0,0.0,1.0,32.8,0.51666665,0.0
2026-06-29,cafeteria_B,cafeteria,268,214,323,0.0,0.0,1.0,32.7,0.51666665,0.0
2026-06-30,cafeteria_B,cafeteria,271,216,326,0.0,0.0,1.0,32.7,0.51666665,0.0
2025-12-31,hostel_A,hostel,458,377,539,0.0,1.0,0.0,21.3,0.06557377,0.0
2026-01-01,hostel_A,hostel,459,378,541,0.0,1.0,0.0,21.3,0.11290322,0.0
2026-01-02,hostel_A,hostel,677,557,797,0.0,0.0,0.0,21.2,0.11290322,0.0
2026-01-03,hostel_A,hostel,726,597,855,1.0,0.0,0.0,21.1,0.11290322,0.0
2026-01-04,hostel_A,hostel,723,595,851,1.0,0.0,0.0,21.1,0.11290322,0.0
2026-01-05,hostel_A,hostel,683,561,804,0.0,0.0,0.0,21.1,0.11290322,0.0
2026-01-06,hostel_A,hostel,686,565,808,0.0,0.0,0.0,21.0,0.11290322,0.0
2026-01-07,hostel_A,hostel,686,564,807,0.0,0.0,0.0,21.1,0.11290322,0.0
2026-01-08,hostel_A,hostel,681,560,802,0.0,0.0,0.0,21.2,0.11290322,0.0
2026-01-09,hostel_A,hostel,677,557,797,0.0,0.0,0.0,21.2,0.11290322,0.0
2026-01-10,hostel_A,hostel,726,597,855,1.0,0.0,0.0,21.0,0.11290322,0.0
2026-01-11,hostel_A,hostel,723,595,852,1.0,0.0,0.0,21.0,0.11290322,0.0
2026-01-12,hostel_A,hostel,683,562,804,0.0,0.0,0.0,21.0,0.11290322,0.0
2026-01-13,hostel_A,hostel,686,565,808,0.0,0.0,0.0,21.0,0.11290322,0.0
2026-01-14,hostel_A,hostel,462,380,544,0.0,1.0,0.0,21.2,0.11290322,0.0
2026-01-15,hostel_A,hostel,681,560,802,0.0,0.0,0.0,21.2,0.11290322,0.0
2026-01-16,hostel_A,hostel,677,557,797,0.0,0.0,0.0,21.2,0.11290322,0.0
2026-01-17,hostel_A,hostel,725,597,854,1.0,0.0,0.0,21.2,0.11290322,0.0
2026-01-18,hostel_A,hostel,722,594,850,1.0,0.0,0.0,21.3,0.11290322,0.0
2026-01-19,hostel_A,hostel,682,561,803,0.0,0.0,0.0,21.2,0.11290322,0.0
2026-01-20,hostel_A,hostel,686,564,807,0.0,0.0,0.0,21.2,0.11290322,0.0
2026-01-21,hostel_A,hostel,685,563,807,0.0,0.0,0.0,21.3,0.11290322,0.0
2026-01-22,hostel_A,hostel,681,560,801,0.0,0.0,0.0,21.4,0.11290322,0.0
2026-01-23,hostel_A,hostel,676,556,797,0.0,0.0,0.0,21.3,0.11290322,0.0
2026-01-24,hostel_A,hostel,725,596,854,1.0,0.0,0.0,21.3,0.11290322,0.0
2026-01-25,hostel_A,hostel,722,594,850,1.0,0.0,0.0,21.4,0.11290322,0.0
2026-01-26,hostel_A,hostel,452,372,532,0.0,1.0,0.0,21.4,0.11290322,0.0
2026-01-27,hostel_A,hostel,685,563,807,0.0,0.0,0.0,21.4,0.11290322,0.0
2026-01-28,hostel_A,hostel,685,563,806,0.0,0.0,0.0,21.4,0.11290322,0.0
2026-01-29,hostel_A,hostel,681,560,802,0.0,0.0,0.0,21.3,0.11290322,0.0
2026-01-30,hostel_A,hostel,676,556,797,0.0,0.0,0.0,21.3,0.11290322,0.0
2026-01-31,hostel_A,hostel,725,596,854,1.0,0.0,0.0,21.3,0.11290322,0.0
2026-02-01,hostel_A,hostel,723,594,851,1.0,0.0,0.0,21.3,0.12280702,0.0
2026-02-02,hostel_A,hostel,682,561,803,0.0,0.0,0.0,21.4,0.12280702,0.0
2026-02-03,hostel_A,hostel,685,564,807,0.0,0.0,0.0,21.5,0.12280702,0.0
2026-02-04,hostel_A,hostel,685,563,806,0.0,0.0,0.0,21.6,0.12280702,0.0
2026-02-05,hostel_A,hostel,680,560,801,0.0,0.0,0.0,21.7,0.12280702,0.0
2026-02-06,hostel_A,hostel,675,556,795,0.0,0.0,0.0,21.8,0.12280702,0.0
2026-02-07,hostel_A,hostel,723,595,851,1.0,0.0,0.0,21.8,0.12280702,0.0
2026-02-08,hostel_A,hostel,720,592,848,1.0,0.0,0.0,21.9,0.12280702,0.0
2026-02-09,hostel_A,hostel,680,560,801,0.0,0.0,0.0,21.9,0.12280702,0.0
2026-02-10,hostel_A,hostel,684,562,805,0.0,0.0,0.0,22.0,0.12280702,0.0
2026-02-11,hostel_A,hostel,683,562,804,0.0,0.0,0.0,22.1,0.12280702,0.0
2026-02-12,hostel_A,hostel,679,558,799,0.0,0.0,0.0,22.1,0.12280702,0.0
2026-02-13,hostel_A,hostel,674,555,794,0.0,0.0,0.0,22.1,0.12280702,0.0
2026-02-14,hostel_A,hostel,722,594,850,1.0,0.0,0.0,22.1,0.12280702,0.0
2026-02-15,hostel_A,hostel,719,591,846,1.0,0.0,0.0,22.2,0.12280702,0.0
2026-02-16,hostel_A,hostel,679,559,800,0.0,0.0,0.0,22.2,0.12280702,0.0
2026-02-17,hostel_A,hostel,683,562,804,0.0,0.0,0.0,22.2,0.12280702,0.0
2026-02-18,hostel_A,hostel,682,561,803,0.0,0.0,0.0,22.3,0.12280702,0.0
2026-02-19,hostel_A,hostel,678,558,798,0.0,0.0,0.0,22.4,0.12280702,0.0
2026-02-20,hostel_A,hostel,673,554,792,0.0,0.0,0.0,22.5,0.12280702,0.0
2026-02-21,hostel_A,hostel,720,592,848,1.0,0.0,0.0,22.5,0.12280702,0.0
2026-02-22,hostel_A,hostel,717,590,845,1.0,0.0,0.0,22.5,0.12280702,0.0
2026-02-23,hostel_A,hostel,678,557,798,0.0,0.0,0.0,22.6,0.12280702,0.0
2026-02-24,hostel_A,hostel,681,560,802,0.0,0.0,0.0,22.7,0.12280702,0.0
2026-02-25,hostel_A,hostel,681,560,802,0.0,0.0,0.0,22.7,0.12280702,0.0
2026-02-26,hostel_A,hostel,677,557,797,0.0,0.0,0.0,22.7,0.12280702,0.0
2026-02-27,hostel_A,hostel,672,553,792,0.0,0.0,0.0,22.7,0.12280702,0.0
2026-02-28,hostel_A,hostel,718,591,846,1.0,0.0,0.0,22.9,0.12280702,0.0
2026-03-01,hostel_A,hostel,714,587,841,1.0,0.0,0.0,23.0,0.08064516,0.0
2026-03-02,hostel_A,hostel,673,554,793,0.0,0.0,0.0,23.1,0.08064516,0.0
2026-03-03,hostel_A,hostel,676,556,796,0.0,0.0,0.0,23.3,0.08064516,0.0
2026-03-04,hostel_A,hostel,675,556,795,0.0,0.0,0.0,23.4,0.08064516,0.0
2026-03-05,hostel_A,hostel,671,552,790,0.0,0.0,0.0,23.5,0.08064516,0.0
2026-03-06,hostel_A,hostel,667,548,785,0.0,0.0,0.0,23.5,0.08064516,0.0
2026-03-07,hostel_A,hostel,714,587,841,1.0,0.0,0.0,23.6,0.08064516,0.0
2026-03-08,hostel_A,hostel,711,585,838,1.0,0.0,0.0,23.6,0.08064516,0.0
2026-03-09,hostel_A,hostel,671,552,790,0.0,0.0,0.0,23.7,0.08064516,0.0
2026-03-10,hostel_A,hostel,675,555,794,0.0,0.0,0.0,23.8,0.08064516,0.0
2026-03-11,hostel_A,hostel,674,554,794,0.0,0.0,0.0,23.8,0.08064516,0.0
2026-03-12,hostel_A,hostel,670,551,789,0.0,0.0,0.0,23.9,0.08064516,0.0
2026-03-13,hostel_A,hostel,664,546,782,0.0,0.0,0.0,24.1,0.08064516,0.0
2026-03-14,hostel_A,hostel,539,443,634,1.0,1.0,0.0,24.3,0.08064516,0.0
2026-03-15,hostel_A,hostel,708,582,833,1.0,0.0,0.0,24.4,0.08064516,0.0
2026-03-16,hostel_A,hostel,667,549,786,0.0,0.0,0.0,24.6,0.08064516,0.0
2026-03-17,hostel_A,hostel,671,552,790,0.0,0.0,0.0,24.7,0.08064516,0.0
2026-03-18,hostel_A,hostel,671,552,790,0.0,0.0,0.0,24.8,0.08064516,0.0
2026-03-19,hostel_A,hostel,666,548,785,0.0,0.0,0.0,24.9,0.08064516,0.0
2026-03-20,hostel_A,hostel,661,543,778,0.0,0.0,0.0,25.0,0.08064516,0.0
2026-03-21,hostel_A,hostel,708,582,834,1.0,0.0,0.0,25.0,0.08064516,0.0
2026-03-22,hostel_A,hostel,705,580,830,1.0,0.0,0.0,25.0,0.08064516,0.0
2026-03-23,hostel_A,hostel,665,547,784,0.0,0.0,0.0,25.0,0.08064516,0.0
2026-03-24,hostel_A,hostel,670,551,789,0.0,0.0,0.0,25.0,0.08064516,0.0
2026-03-25,hostel_A,hostel,669,550,788,0.0,0.0,0.0,25.2,0.08064516,0.0
2026-03-26,hostel_A,hostel,665,547,783,0.0,0.0,0.0,25.2,0.08064516,0.0
2026-03-27,hostel_A,hostel,659,542,776,0.0,0.0,0.0,25.3,0.08064516,0.0
2026-03-28,hostel_A,hostel,706,581,831,1.0,0.0,0.0,25.5,0.08064516,0.0
2026-03-29,hostel_A,hostel,702,578,827,1.0,0.0,0.0,25.7,0.08064516,0.0
2026-03-30,hostel_A,hostel,662,544,779,0.0,0.0,0.0,25.9,0.08064516,0.0
2026-03-31,hostel_A,hostel,666,548,785,0.0,0.0,0.0,25.9,0.08064516,0.0
2026-04-01,hostel_A,hostel,666,548,785,0.0,0.0,0.0,26.0,0.083333336,0.0
2026-04-02,hostel_A,hostel,662,545,780,0.0,0.0,0.0,26.0,0.083333336,0.0
2026-04-03,hostel_A,hostel,656,540,773,0.0,0.0,0.0,26.1,0.083333336,0.0
2026-04-04,hostel_A,hostel,703,578,828,1.0,0.0,0.0,26.2,0.083333336,0.0
2026-04-05,hostel_A,hostel,700,576,825,1.0,0.0,0.0,26.2,0.083333336,0.0
2026-04-06,hostel_A,hostel,660,543,777,0.0,0.0,0.0,26.4,0.083333336,0.0
2026-04-07,hostel_A,hostel,664,546,782,0.0,0.0,0.0,26.5,0.083333336,0.0
2026-04-08,hostel_A,hostel,664,546,782,0.0,0.0,0.0,26.6,0.083333336,0.0
2026-04-09,hostel_A,hostel,659,542,776,0.0,0.0,0.0,26.7,0.083333336,0.0
2026-04-10,hostel_A,hostel,653,537,769,0.0,0.0,0.0,26.8,0.083333336,0.0
2026-04-11,hostel_A,hostel,700,575,824,1.0,0.0,0.0,27.0,0.083333336,0.0
2026-04-12,hostel_A,hostel,696,573,820,1.0,0.0,0.0,27.1,0.083333336,0.0
2026-04-13,hostel_A,hostel,657,540,774,0.0,0.0,0.0,27.1,0.083333336,0.0
2026-04-14,hostel_A,hostel,448,369,528,0.0,1.0,0.0,27.2,0.083333336,0.0
2026-04-15,hostel_A,hostel,661,544,778,0.0,0.0,0.0,27.3,0.083333336,0.0
2026-04-16,hostel_A,hostel,657,540,773,0.0,0.0,0.0,27.3,0.083333336,0.0
2026-04-17,hostel_A,hostel,651,535,766,0.0,0.0,0.0,27.4,0.083333336,0.0
2026-04-18,hostel_A,hostel,697,574,821,1.0,0.0,0.0,27.5,0.083333336,0.0
2026-04-19,hostel_A,hostel,694,571,817,1.0,0.0,0.0,27.7,0.083333336,0.0
2026-04-20,hostel_A,hostel,654,538,770,0.0,0.0,0.0,27.8,0.083333336,0.0
2026-04-21,hostel_A,hostel,658,541,775,0.0,0.0,0.0,28.0,0.083333336,0.0
2026-04-22,hostel_A,hostel,657,541,774,0.0,0.0,0.0,28.2,0.083333336,0.0
2026-04-23,hostel_A,hostel,652,537,768,0.0,0.0,0.0,28.4,0.083333336,0.0
2026-04-24,hostel_A,hostel,646,531,761,0.0,0.0,0.0,28.6,0.083333336,0.0
2026-04-25,hostel_A,hostel,692,569,815,1.0,0.0,0.0,28.7,0.083333336,0.0
2026-04-26,hostel_A,hostel,689,567,811,1.0,0.0,0.0,28.8,0.083333336,0.0
2026-04-27,hostel_A,hostel,650,535,766,0.0,0.0,0.0,28.8,0.083333336,0.0
2026-04-28,hostel_A,hostel,655,538,771,0.0,0.0,0.0,28.8,0.083333336,0.0
2026-04-29,hostel_A,hostel,655,539,771,0.0,0.0,0.0,28.8,0.083333336,0.0
2026-04-30,hostel_A,hostel,650,535,766,0.0,0.0,0.0,28.9,0.083333336,0.0
2026-05-01,hostel_A,hostel,382,314,450,0.0,0.0,1.0,29.0,0.032258064,0.0
2026-05-02,hostel_A,hostel,435,358,513,1.0,0.0,1.0,29.1,0.032258064,0.0
2026-05-03,hostel_A,hostel,429,353,505,1.0,0.0,1.0,29.2,0.032258064,0.0
2026-05-04,hostel_A,hostel,378,311,446,0.0,0.0,1.0,29.3,0.032258064,0.0
2026-05-05,hostel_A,hostel,380,312,447,0.0,0.0,1.0,29.4,0.032258064,0.0
2026-05-06,hostel_A,hostel,380,313,448,0.0,0.0,1.0,29.6,0.032258064,0.0
2026-05-07,hostel_A,hostel,382,314,449,0.0,0.0,1.0,29.7,0.032258064,0.0
2026-05-08,hostel_A,hostel,381,313,448,0.0,0.0,1.0,29.7,0.032258064,0.0
2026-05-09,hostel_A,hostel,434,357,512,1.0,0.0,1.0,29.8,0.032258064,0.0
2026-05-10,hostel_A,hostel,428,352,504,1.0,0.0,1.0,29.8,0.032258064,0.0
2026-05-11,hostel_A,hostel,377,310,444,0.0,0.0,1.0,29.9,0.032258064,0.0
2026-05-12,hostel_A,hostel,379,312,446,0.0,0.0,1.0,29.9,0.032258064,0.0
2026-05-13,hostel_A,hostel,379,312,447,0.0,0.0,1.0,30.0,0.032258064,0.0
2026-05-14,hostel_A,hostel,381,313,448,0.0,0.0,1.0,30.1,0.032258064,0.0
2026-05-15,hostel_A,hostel,379,312,447,0.0,0.0,1.0,30.2,0.032258064,0.0
2026-05-16,hostel_A,hostel,434,357,511,1.0,0.0,1.0,30.3,0.032258064,0.0
2026-05-17,hostel_A,hostel,426,350,502,1.0,0.0,1.0,30.4,0.032258064,0.0
2026-05-18,hostel_A,hostel,376,309,443,0.0,0.0,1.0,30.4,0.032258064,0.0
2026-05-19,hostel_A,hostel,378,310,445,0.0,0.0,1.0,30.5,0.032258064,0.0
2026-05-20,hostel_A,hostel,378,311,445,0.0,0.0,1.0,30.5,0.032258064,0.0
2026-05-21,hostel_A,hostel,380,312,447,0.0,0.0,1.0,30.6,0.032258064,0.0
2026-05-22,hostel_A,hostel,378,311,445,0.0,0.0,1.0,30.7,0.032258064,0.0
2026-05-23,hostel_A,hostel,433,357,510,1.0,0.0,1.0,30.7,0.032258064,0.0
2026-05-24,hostel_A,hostel,425,349,500,1.0,0.0,1.0,30.9,0.032258064,0.0
2026-05-25,hostel_A,hostel,375,308,442,0.0,0.0,1.0,30.9,0.032258064,0.0
2026-05-26,hostel_A,hostel,378,311,445,0.0,0.0,1.0,31.0,0.032258064,0.0
2026-05-27,hostel_A,hostel,377,310,444,0.0,0.0,1.0,31.1,0.032258064,0.0
2026-05-28,hostel_A,hostel,378,311,445,0.0,0.0,1.0,31.3,0.032258064,0.0
2026-05-29,hostel_A,hostel,376,310,443,0.0,0.0,1.0,31.5,0.032258064,0.0
2026-05-30,hostel_A,hostel,432,355,508,1.0,0.0,1.0,31.6,0.032258064,0.0
2026-05-31,hostel_A,hostel,423,348,498,1.0,0.0,1.0,31.6,0.032258064,0.0
2026-06-01,hostel_A,hostel,387,318,455,0.0,0.0,1.0,31.7,0.51666665,0.0
2026-06-02,hostel_A,hostel,391,321,460,0.0,0.0,1.0,31.8,0.51666665,0.0
2026-06-03,hostel_A,hostel,387,318,456,0.0,0.0,1.0,31.8,0.51666665,0.0
2026-06-04,hostel_A,hostel,384,316,452,0.0,0.0,1.0,31.9,0.51666665,0.0
2026-06-05,hostel_A,hostel,381,314,449,0.0,0.0,1.0,31.9,0.51666665,0.0
2026-06-06,hostel_A,hostel,431,354,507,1.0,0.0,1.0,31.9,0.51666665,0.0
2026-06-07,hostel_A,hostel,423,348,498,1.0,0.0,1.0,31.9,0.51666665,0.0
2026-06-08,hostel_A,hostel,386,318,455,0.0,0.0,1.0,32.0,0.51666665,0.0
2026-06-09,hostel_A,hostel,391,322,460,0.0,0.0,1.0,31.9,0.51666665,0.0
2026-06-10,hostel_A,hostel,387,318,455,0.0,0.0,1.0,32.0,0.51666665,0.0
2026-06-11,hostel_A,hostel,383,315,452,0.0,0.0,1.0,32.1,0.51666665,0.0
2026-06-12,hostel_A,hostel,381,313,448,0.0,0.0,1.0,32.2,0.51666665,0.0
2026-06-13,hostel_A,hostel,430,354,507,1.0,0.0,1.0,32.2,0.51666665,0.0
2026-06-14,hostel_A,hostel,422,347,497,1.0,0.0,1.0,32.2,0.51666665,0.0
2026-06-15,hostel_A,hostel,386,317,454,0.0,0.0,1.0,32.3,0.51666665,0.0
2026-06-16,hostel_A,hostel,392,322,462,0.0,0.0,1.0,32.3,0.51666665,0.0
2026-06-17,hostel_A,hostel,386,317,454,0.0,0.0,1.0,32.4,0.51666665,0.0
2026-06-18,hostel_A,hostel,383,315,451,0.0,0.0,1.0,32.5,0.51666665,0.0
2026-06-19,hostel_A,hostel,380,312,447,0.0,0.0,1.0,32.6,0.51666665,0.0
2026-06-20,hostel_A,hostel,429,353,506,1.0,0.0,1.0,32.7,0.51666665,0.0
2026-06-21,hostel_A,hostel,420,346,495,1.0,0.0,1.0,32.7,0.51666665,0.0
2026-06-22,hostel_A,hostel,387,318,455,0.0,0.0,1.0,32.7,0.51666665,0.0
2026-06-23,hostel_A,hostel,393,323,463,0.0,0.0,1.0,32.7,0.51666665,0.0
2026-06-24,hostel_A,hostel,385,317,454,0.0,0.0,1.0,32.7,0.51666665,0.0
2026-06-25,hostel_A,hostel,382,314,450,0.0,0.0,1.0,32.8,0.51666665,0.0
2026-06-26,hostel_A,hostel,379,312,447,0.0,0.0,1.0,32.8,0.51666665,0.0
2026-06-27,hostel_A,hostel,429,353,505,1.0,0.0,1.0,32.8,0.51666665,0.0
2026-06-28,hostel_A,hostel,420,346,495,1.0,0.0,1.0,32.8,0.51666665,0.0
2026-06-29,hostel_A,hostel,387,318,455,0.0,0.0,1.0,32.7,0.51666665,0.0
2026-06-30,hostel_A,hostel,393,323,463,0.0,0.0,1.0,32.7,0.51666665,0.0
2025-12-31,hostel_B,hostel,268,220,315,0.0,1.0,0.0,21.3,0.06557377,0.0
2026-01-01,hostel_B,hostel,269,221,316,0.0,1.0,0.0,21.3,0.11290322,0.0
2026-01-02,hostel_B,hostel,396,326,466,0.0,0.0,0.0,21.2,0.11290322,0.0
2026-01-03,hostel_B,hostel,425,349,500,1.0,0.0,0.0,21.1,0.11290322,0.0
2026-01-04,hostel_B,hostel,423,348,498,1.0,0.0,0.0,21.1,0.11290322,0.0
2026-01-05,hostel_B,hostel,399,328,470,0.0,0.0,0.0,21.1,0.11290322,0.0
2026-01-06,hostel_B,hostel,401,330,473,0.0,0.0,0.0,21.0,0.11290322,0.0
2026-01-07,hostel_B,hostel,401,330,472,0.0,0.0,0.0,21.1,0.11290322,0.0
2026-01-08,hostel_B,hostel,398,328,469,0.0,0.0,0.0,21.2,0.11290322,0.0
2026-01-09,hostel_B,hostel,396,326,466,0.0,0.0,0.0,21.2,0.11290322,0.0
2026-01-10,hostel_B,hostel,425,349,500,1.0,0.0,0.0,21.0,0.11290322,0.0
2026-01-11,hostel_B,hostel,423,348,498,1.0,0.0,0.0,21.0,0.11290322,0.0
2026-01-12,hostel_B,hostel,399,329,470,0.0,0.0,0.0,21.0,0.11290322,0.0
2026-01-13,hostel_B,hostel,401,330,473,0.0,0.0,0.0,21.0,0.11290322,0.0
2026-01-14,hostel_B,hostel,270,222,318,0.0,1.0,0.0,21.2,0.11290322,0.0
2026-01-15,hostel_B,hostel,398,328,469,0.0,0.0,0.0,21.2,0.11290322,0.0
2026-01-16,hostel_B,hostel,396,326,466,0.0,0.0,0.0,21.2,0.11290322,0.0
2026-01-17,hostel_B,hostel,424,349,500,1.0,0.0,0.0,21.2,0.11290322,0.0
2026-01-18,hostel_B,hostel,422,347,497,1.0,0.0,0.0,21.3,0.11290322,0.0
2026-01-19,hostel_B,hostel,399,328,470,0.0,0.0,0.0,21.2,0.11290322,0.0
2026-01-20,hostel_B,hostel,401,330,472,0.0,0.0,0.0,21.2,0.11290322,0.0
2026-01-21,hostel_B,hostel,401,330,472,0.0,0.0,0.0,21.3,0.11290322,0.0
2026-01-22,hostel_B,hostel,398,327,469,0.0,0.0,0.0,21.4,0.11290322,0.0
2026-01-23,hostel_B,hostel,396,325,466,0.0,0.0,0.0,21.3,0.11290322,0.0
2026-01-24,hostel_B,hostel,424,349,499,1.0,0.0,0.0,21.3,0.11290322,0.0
2026-01-25,hostel_B,hostel,422,347,497,1.0,0.0,0.0,21.4,0.11290322,0.0
2026-01-26,hostel_B,hostel,264,218,311,0.0,1.0,0.0,21.4,0.11290322,0.0
2026-01-27,hostel_B,hostel,401,330,472,0.0,0.0,0.0,21.4,0.11290322,0.0
2026-01-28,hostel_B,hostel,400,329,471,0.0,0.0,0.0,21.4,0.11290322,0.0
2026-01-29,hostel_B,hostel,398,328,469,0.0,0.0,0.0,21.3,0.11290322,0.0
2026-01-30,hostel_B,hostel,396,325,466,0.0,0.0,0.0,21.3,0.11290322,0.0
2026-01-31,hostel_B,hostel,424,349,499,1.0,0.0,0.0,21.3,0.11290322,0.0
2026-02-01,hostel_B,hostel,423,348,498,1.0,0.0,0.0,21.3,0.12280702,0.0
2026-02-02,hostel_B,hostel,399,328,470,0.0,0.0,0.0,21.4,0.12280702,0.0
2026-02-03,hostel_B,hostel,401,330,472,0.0,0.0,0.0,21.5,0.12280702,0.0
2026-02-04,hostel_B,hostel,400,329,471,0.0,0.0,0.0,21.6,0.12280702,0.0
2026-02-05,hostel_B,hostel,398,327,469,0.0,0.0,0.0,21.7,0.12280702,0.0
2026-02-06,hostel_B,hostel,395,325,465,0.0,0.0,0.0,21.8,0.12280702,0.0
2026-02-07,hostel_B,hostel,423,348,498,1.0,0.0,0.0,21.8,0.12280702,0.0
2026-02-08,hostel_B,hostel,421,346,496,1.0,0.0,0.0,21.9,0.12280702,0.0
2026-02-09,hostel_B,hostel,398,327,469,0.0,0.0,0.0,21.9,0.12280702,0.0
2026-02-10,hostel_B,hostel,400,329,471,0.0,0.0,0.0,22.0,0.12280702,0.0
2026-02-11,hostel_B,hostel,399,329,470,0.0,0.0,0.0,22.1,0.12280702,0.0
2026-02-12,hostel_B,hostel,397,327,468,0.0,0.0,0.0,22.1,0.12280702,0.0
2026-02-13,hostel_B,hostel,394,324,464,0.0,0.0,0.0,22.1,0.12280702,0.0
2026-02-14,hostel_B,hostel,422,347,497,1.0,0.0,0.0,22.1,0.12280702,0.0
2026-02-15,hostel_B,hostel,420,346,495,1.0,0.0,0.0,22.2,0.12280702,0.0
2026-02-16,hostel_B,hostel,397,327,468,0.0,0.0,0.0,22.2,0.12280702,0.0
2026-02-17,hostel_B,hostel,399,329,470,0.0,0.0,0.0,22.2,0.12280702,0.0
2026-02-18,hostel_B,hostel,399,328,470,0.0,0.0,0.0,22.3,0.12280702,0.0
2026-02-19,hostel_B,hostel,396,326,467,0.0,0.0,0.0,22.4,0.12280702,0.0
2026-02-20,hostel_B,hostel,394,324,464,0.0,0.0,0.0,22.5,0.12280702,0.0
2026-02-21,hostel_B,hostel,421,346,496,1.0,0.0,0.0,22.5,0.12280702,0.0
2026-02-22,hostel_B,hostel,420,345,494,1.0,0.0,0.0,22.5,0.12280702,0.0
2026-02-23,hostel_B,hostel,396,326,467,0.0,0.0,0.0,22.6,0.12280702,0.0
2026-02-24,hostel_B,hostel,398,328,469,0.0,0.0,0.0,22.7,0.12280702,0.0
2026-02-25,hostel_B,hostel,398,328,469,0.0,0.0,0.0,22.7,0.12280702,0.0
2026-02-26,hostel_B,hostel,396,326,466,0.0,0.0,0.0,22.7,0.12280702,0.0
2026-02-27,hostel_B,hostel,393,323,463,0.0,0.0,0.0,22.7,0.12280702,0.0
2026-02-28,hostel_B,hostel,420,346,495,1.0,0.0,0.0,22.9,0.12280702,0.0
2026-03-01,hostel_B,hostel,418,343,492,1.0,0.0,0.0,23.0,0.08064516,0.0
2026-03-02,hostel_B,hostel,394,324,464,0.0,0.0,0.0,23.1,0.08064516,0.0
2026-03-03,hostel_B,hostel,396,325,466,0.0,0.0,0.0,23.3,0.08064516,0.0
2026-03-04,hostel_B,hostel,395,325,465,0.0,0.0,0.0,23.4,0.08064516,0.0
2026-03-05,hostel_B,hostel,393,323,462,0.0,0.0,0.0,23.5,0.08064516,0.0
2026-03-06,hostel_B,hostel,390,321,459,0.0,0.0,0.0,23.5,0.08064516,0.0
2026-03-07,hostel_B,hostel,418,343,492,1.0,0.0,0.0,23.6,0.08064516,0.0
2026-03-08,hostel_B,hostel,416,342,490,1.0,0.0,0.0,23.6,0.08064516,0.0
2026-03-09,hostel_B,hostel,392,323,462,0.0,0.0,0.0,23.7,0.08064516,0.0
2026-03-10,hostel_B,hostel,395,325,465,0.0,0.0,0.0,23.8,0.08064516,0.0
2026-03-11,hostel_B,hostel,394,324,464,0.0,0.0,0.0,23.8,0.08064516,0.0
2026-03-12,hostel_B,hostel,392,322,461,0.0,0.0,0.0,23.9,0.08064516,0.0
2026-03-13,hostel_B,hostel,389,320,457,0.0,0.0,0.0,24.1,0.08064516,0.0
2026-03-14,hostel_B,hostel,315,259,371,1.0,1.0,0.0,24.3,0.08064516,0.0
2026-03-15,hostel_B,hostel,414,341,487,1.0,0.0,0.0,24.4,0.08064516,0.0
2026-03-16,hostel_B,hostel,390,321,459,0.0,0.0,0.0,24.6,0.08064516,0.0
2026-03-17,hostel_B,hostel,393,323,462,0.0,0.0,0.0,24.7,0.08064516,0.0
2026-03-18,hostel_B,hostel,392,323,462,0.0,0.0,0.0,24.8,0.08064516,0.0
2026-03-19,hostel_B,hostel,390,321,459,0.0,0.0,0.0,24.9,0.08064516,0.0
2026-03-20,hostel_B,hostel,386,318,455,0.0,0.0,0.0,25.0,0.08064516,0.0
2026-03-21,hostel_B,hostel,414,341,488,1.0,0.0,0.0,25.0,0.08064516,0.0
2026-03-22,hostel_B,hostel,413,339,486,1.0,0.0,0.0,25.0,0.08064516,0.0
2026-03-23,hostel_B,hostel,389,320,458,0.0,0.0,0.0,25.0,0.08064516,0.0
2026-03-24,hostel_B,hostel,392,322,461,0.0,0.0,0.0,25.0,0.08064516,0.0
2026-03-25,hostel_B,hostel,391,322,461,0.0,0.0,0.0,25.2,0.08064516,0.0
2026-03-26,hostel_B,hostel,389,320,458,0.0,0.0,0.0,25.2,0.08064516,0.0
2026-03-27,hostel_B,hostel,386,317,454,0.0,0.0,0.0,25.3,0.08064516,0.0
2026-03-28,hostel_B,hostel,413,340,486,1.0,0.0,0.0,25.5,0.08064516,0.0
2026-03-29,hostel_B,hostel,411,338,484,1.0,0.0,0.0,25.7,0.08064516,0.0
2026-03-30,hostel_B,hostel,387,318,456,0.0,0.0,0.0,25.9,0.08064516,0.0
2026-03-31,hostel_B,hostel,390,321,459,0.0,0.0,0.0,25.9,0.08064516,0.0
2026-04-01,hostel_B,hostel,390,321,459,0.0,0.0,0.0,26.0,0.083333336,0.0
2026-04-02,hostel_B,hostel,387,319,456,0.0,0.0,0.0,26.0,0.083333336,0.0
2026-04-03,hostel_B,hostel,384,316,452,0.0,0.0,0.0,26.1,0.083333336,0.0
2026-04-04,hostel_B,hostel,411,338,484,1.0,0.0,0.0,26.2,0.083333336,0.0
2026-04-05,hostel_B,hostel,410,337,482,1.0,0.0,0.0,26.2,0.083333336,0.0
2026-04-06,hostel_B,hostel,386,317,454,0.0,0.0,0.0,26.4,0.083333336,0.0
2026-04-07,hostel_B,hostel,388,319,457,0.0,0.0,0.0,26.5,0.083333336,0.0
2026-04-08,hostel_B,hostel,388,319,457,0.0,0.0,0.0,26.6,0.083333336,0.0
2026-04-09,hostel_B,hostel,386,317,454,0.0,0.0,0.0,26.7,0.083333336,0.0
2026-04-10,hostel_B,hostel,382,314,450,0.0,0.0,0.0,26.8,0.083333336,0.0
2026-04-11,hostel_B,hostel,409,337,482,1.0,0.0,0.0,27.0,0.083333336,0.0
2026-04-12,hostel_B,hostel,407,335,480,1.0,0.0,0.0,27.1,0.083333336,0.0
2026-04-13,hostel_B,hostel,384,316,453,0.0,0.0,0.0,27.1,0.083333336,0.0
2026-04-14,hostel_B,hostel,262,216,309,0.0,1.0,0.0,27.2,0.083333336,0.0
2026-04-15,hostel_B,hostel,387,318,455,0.0,0.0,0.0,27.3,0.083333336,0.0
2026-04-16,hostel_B,hostel,384,316,452,0.0,0.0,0.0,27.3,0.083333336,0.0
2026-04-17,hostel_B,hostel,381,313,448,0.0,0.0,0.0,27.4,0.083333336,0.0
2026-04-18,hostel_B,hostel,408,335,480,1.0,0.0,0.0,27.5,0.083333336,0.0
2026-04-19,hostel_B,hostel,406,334,478,1.0,0.0,0.0,27.7,0.083333336,0.0
2026-04-20,hostel_B,hostel,383,315,451,0.0,0.0,0.0,27.8,0.083333336,0.0
2026-04-21,hostel_B,hostel,385,317,453,0.0,0.0,0.0,28.0,0.083333336,0.0
2026-04-22,hostel_B,hostel,385,316,453,0.0,0.0,0.0,28.2,0.083333336,0.0
2026-04-23,hostel_B,hostel,382,314,449,0.0,0.0,0.0,28.4,0.083333336,0.0
2026-04-24,hostel_B,hostel,378,311,445,0.0,0.0,0.0,28.6,0.083333336,0.0
2026-04-25,hostel_B,hostel,405,333,477,1.0,0.0,0.0,28.7,0.083333336,0.0
2026-04-26,hostel_B,hostel,403,331,475,1.0,0.0,0.0,28.8,0.083333336,0.0
2026-04-27,hostel_B,hostel,380,313,448,0.0,0.0,0.0,28.8,0.083333336,0.0
2026-04-28,hostel_B,hostel,383,315,451,0.0,0.0,0.0,28.8,0.083333336,0.0
2026-04-29,hostel_B,hostel,383,315,451,0.0,0.0,0.0,28.8,0.083333336,0.0
2026-04-30,hostel_B,hostel,380,313,448,0.0,0.0,0.0,28.9,0.083333336,0.0
2026-05-01,hostel_B,hostel,224,184,263,0.0,0.0,1.0,29.0,0.032258064,0.0
2026-05-02,hostel_B,hostel,255,209,300,1.0,0.0,1.0,29.1,0.032258064,0.0
2026-05-03,hostel_B,hostel,251,206,296,1.0,0.0,1.0,29.2,0.032258064,0.0
2026-05-04,hostel_B,hostel,221,182,261,0.0,0.0,1.0,29.3,0.032258064,0.0
2026-05-05,hostel_B,hostel,222,183,262,0.0,0.0,1.0,29.4,0.032258064,0.0
2026-05-06,hostel_B,hostel,222,183,262,0.0,0.0,1.0,29.6,0.032258064,0.0
2026-05-07,hostel_B,hostel,223,184,263,0.0,0.0,1.0,29.7,0.032258064,0.0
2026-05-08,hostel_B,hostel,223,183,262,0.0,0.0,1.0,29.7,0.032258064,0.0
2026-05-09,hostel_B,hostel,254,209,299,1.0,0.0,1.0,29.8,0.032258064,0.0
2026-05-10,hostel_B,hostel,250,206,295,1.0,0.0,1.0,29.8,0.032258064,0.0
2026-05-11,hostel_B,hostel,221,181,260,0.0,0.0,1.0,29.9,0.032258064,0.0
2026-05-12,hostel_B,hostel,222,182,261,0.0,0.0,1.0,29.9,0.032258064,0.0
2026-05-13,hostel_B,hostel,222,182,261,0.0,0.0,1.0,30.0,0.032258064,0.0
2026-05-14,hostel_B,hostel,223,183,262,0.0,0.0,1.0,30.1,0.032258064,0.0
2026-05-15,hostel_B,hostel,222,183,261,0.0,0.0,1.0,30.2,0.032258064,0.0
2026-05-16,hostel_B,hostel,254,209,299,1.0,0.0,1.0,30.3,0.032258064,0.0
2026-05-17,hostel_B,hostel,249,205,293,1.0,0.0,1.0,30.4,0.032258064,0.0
2026-05-18,hostel_B,hostel,220,181,259,0.0,0.0,1.0,30.4,0.032258064,0.0
2026-05-19,hostel_B,hostel,221,182,260,0.0,0.0,1.0,30.5,0.032258064,0.0
2026-05-20,hostel_B,hostel,221,182,260,0.0,0.0,1.0,30.5,0.032258064,0.0
2026-05-21,hostel_B,hostel,222,183,261,0.0,0.0,1.0,30.6,0.032258064,0.0
2026-05-22,hostel_B,hostel,221,182,261,0.0,0.0,1.0,30.7,0.032258064,0.0
2026-05-23,hostel_B,hostel,254,209,299,1.0,0.0,1.0,30.7,0.032258064,0.0
2026-05-24,hostel_B,hostel,248,204,292,1.0,0.0,1.0,30.9,0.032258064,0.0
2026-05-25,hostel_B,hostel,219,180,258,0.0,0.0,1.0,30.9,0.032258064,0.0
2026-05-26,hostel_B,hostel,221,182,260,0.0,0.0,1.0,31.0,0.032258064,0.0
2026-05-27,hostel_B,hostel,220,181,259,0.0,0.0,1.0,31.1,0.032258064,0.0
2026-05-28,hostel_B,hostel,221,182,260,0.0,0.0,1.0,31.3,0.032258064,0.0
2026-05-29,hostel_B,hostel,220,181,259,0.0,0.0,1.0,31.5,0.032258064,0.0
2026-05-30,hostel_B,hostel,253,208,297,1.0,0.0,1.0,31.6,0.032258064,0.0
2026-05-31,hostel_B,hostel,247,203,291,1.0,0.0,1.0,31.6,0.032258064,0.0
2026-06-01,hostel_B,hostel,226,186,266,0.0,0.0,1.0,31.7,0.51666665,0.0
2026-06-02,hostel_B,hostel,229,188,269,0.0,0.0,1.0,31.8,0.51666665,0.0
2026-06-03,hostel_B,hostel,226,186,267,0.0,0.0,1.0,31.8,0.51666665,0.0
2026-06-04,hostel_B,hostel,225,185,264,0.0,0.0,1.0,31.9,0.51666665,0.0
2026-06-05,hostel_B,hostel,223,183,263,0.0,0.0,1.0,31.9,0.51666665,0.0
2026-06-06,hostel_B,hostel,252,207,297,1.0,0.0,1.0,31.9,0.51666665,0.0
2026-06-07,hostel_B,hostel,247,203,291,1.0,0.0,1.0,31.9,0.51666665,0.0
2026-06-08,hostel_B,hostel,226,186,266,0.0,0.0,1.0,32.0,0.51666665,0.0
2026-06-09,hostel_B,hostel,229,188,269,0.0,0.0,1.0,31.9,0.51666665,0.0
2026-06-10,hostel_B,hostel,226,186,266,0.0,0.0,1.0,32.0,0.51666665,0.0
2026-06-11,hostel_B,hostel,224,184,264,0.0,0.0,1.0,32.1,0.51666665,0.0
2026-06-12,hostel_B,hostel,223,183,262,0.0,0.0,1.0,32.2,0.51666665,0.0
2026-06-13,hostel_B,hostel,252,207,296,1.0,0.0,1.0,32.2,0.51666665,0.0
2026-06-14,hostel_B,hostel,247,203,290,1.0,0.0,1.0,32.2,0.51666665,0.0
2026-06-15,hostel_B,hostel,226,185,266,0.0,0.0,1.0,32.3,0.51666665,0.0
2026-06-16,hostel_B,hostel,229,189,270,0.0,0.0,1.0,32.3,0.51666665,0.0
2026-06-17,hostel_B,hostel,226,186,266,0.0,0.0,1.0,32.4,0.51666665,0.0
2026-06-18,hostel_B,hostel,224,184,263,0.0,0.0,1.0,32.5,0.51666665,0.0
2026-06-19,hostel_B,hostel,222,183,262,0.0,0.0,1.0,32.6,0.51666665,0.0
2026-06-20,hostel_B,hostel,251,207,296,1.0,0.0,1.0,32.7,0.51666665,0.0
2026-06-21,hostel_B,hostel,246,202,290,1.0,0.0,1.0,32.7,0.51666665,0.0
2026-06-22,hostel_B,hostel,226,186,266,0.0,0.0,1.0,32.7,0.51666665,0.0
2026-06-23,hostel_B,hostel,230,189,271,0.0,0.0,1.0,32.7,0.51666665,0.0
2026-06-24,hostel_B,hostel,225,185,265,0.0,0.0,1.0,32.7,0.51666665,0.0
2026-06-25,hostel_B,hostel,223,184,263,0.0,0.0,1.0,32.8,0.51666665,0.0
2026-06-26,hostel_B,hostel,222,182,261,0.0,0.0,1.0,32.8,0.51666665,0.0
2026-06-27,hostel_B,hostel,251,206,296,1.0,0.0,1.0,32.8,0.51666665,0.0
2026-06-28,hostel_B,hostel,246,202,289,1.0,0.0,1.0,32.8,0.51666665,0.0
2026-06-29,hostel_B,hostel,226,186,266,0.0,0.0,1.0,32.7,0.51666665,0.0
2026-06-30,hostel_B,hostel,230,189,271,0.0,0.0,1.0,32.7,0.51666665,0.0
2025-12-31,restaurant_A,restaurant,334,256,411,0.0,1.0,0.0,21.3,0.06557377,0.0
2026-01-01,restaurant_A,restaurant,330,253,406,0.0,1.0,0.0,21.3,0.11290322,0.0
2026-01-02,restaurant_A,restaurant,244,187,301,0.0,0.0,0.0,21.2,0.11290322,0.0
2026-01-03,restaurant_A,restaurant,202,155,250,1.0,0.0,0.0,21.1,0.11290322,0.0
2026-01-04,restaurant_A,restaurant,207,158,255,1.0,0.0,0.0,21.1,0.11290322,0.0
2026-01-05,restaurant_A,restaurant,245,188,303,0.0,0.0,0.0,21.1,0.11290322,0.0
2026-01-06,restaurant_A,restaurant,248,190,305,0.0,0.0,0.0,21.0,0.11290322,0.0
2026-01-07,restaurant_A,restaurant,247,190,305,0.0,0.0,0.0,21.1,0.11290322,0.0
2026-01-08,restaurant_A,restaurant,246,188,303,0.0,0.0,0.0,21.2,0.11290322,0.0
2026-01-09,restaurant_A,restaurant,244,187,301,0.0,0.0,0.0,21.2,0.11290322,0.0
2026-01-10,restaurant_A,restaurant,203,155,250,1.0,0.0,0.0,21.0,0.11290322,0.0
2026-01-11,restaurant_A,restaurant,207,159,255,1.0,0.0,0.0,21.0,0.11290322,0.0
2026-01-12,restaurant_A,restaurant,246,188,303,0.0,0.0,0.0,21.0,0.11290322,0.0
2026-01-13,restaurant_A,restaurant,248,190,305,0.0,0.0,0.0,21.0,0.11290322,0.0
2026-01-14,restaurant_A,restaurant,332,254,409,0.0,1.0,0.0,21.2,0.11290322,0.0
2026-01-15,restaurant_A,restaurant,246,188,303,0.0,0.0,0.0,21.2,0.11290322,0.0
2026-01-16,restaurant_A,restaurant,244,187,301,0.0,0.0,0.0,21.2,0.11290322,0.0
2026-01-17,restaurant_A,restaurant,202,155,250,1.0,0.0,0.0,21.2,0.11290322,0.0
2026-01-18,restaurant_A,restaurant,207,158,255,1.0,0.0,0.0,21.3,0.11290322,0.0
2026-01-19,restaurant_A,restaurant,245,188,302,0.0,0.0,0.0,21.2,0.11290322,0.0
2026-01-20,restaurant_A,restaurant,247,190,305,0.0,0.0,0.0,21.2,0.11290322,0.0
2026-01-21,restaurant_A,restaurant,247,189,304,0.0,0.0,0.0,21.3,0.11290322,0.0
2026-01-22,restaurant_A,restaurant,245,188,302,0.0,0.0,0.0,21.4,0.11290322,0.0
2026-01-23,restaurant_A,restaurant,244,187,301,0.0,0.0,0.0,21.3,0.11290322,0.0
2026-01-24,restaurant_A,restaurant,202,155,249,1.0,0.0,0.0,21.3,0.11290322,0.0
2026-01-25,restaurant_A,restaurant,206,158,255,1.0,0.0,0.0,21.4,0.11290322,0.0
2026-01-26,restaurant_A,restaurant,329,252,406,0.0,1.0,0.0,21.4,0.11290322,0.0
2026-01-27,restaurant_A,restaurant,247,189,304,0.0,0.0,0.0,21.4,0.11290322,0.0
2026-01-28,restaurant_A,restaurant,247,189,304,0.0,0.0,0.0,21.4,0.11290322,0.0
2026-01-29,restaurant_A,restaurant,245,188,303,0.0,0.0,0.0,21.3,0.11290322,0.0
2026-01-30,restaurant_A,restaurant,244,187,301,0.0,0.0,0.0,21.3,0.11290322,0.0
2026-01-31,restaurant_A,restaurant,202,155,249,1.0,0.0,0.0,21.3,0.11290322,0.0
2026-02-01,restaurant_A,restaurant,206,158,254,1.0,0.0,0.0,21.3,0.12280702,0.0
2026-02-02,restaurant_A,restaurant,244,187,301,0.0,0.0,0.0,21.4,0.12280702,0.0
2026-02-03,restaurant_A,restaurant,246,189,304,0.0,0.0,0.0,21.5,0.12280702,0.0
2026-02-04,restaurant_A,restaurant,246,189,303,0.0,0.0,0.0,21.6,0.12280702,0.0
2026-02-05,restaurant_A,restaurant,244,187,301,0.0,0.0,0.0,21.7,0.12280702,0.0
2026-02-06,restaurant_A,restaurant,243,186,299,0.0,0.0,0.0,21.8,0.12280702,0.0
2026-02-07,restaurant_A,restaurant,201,154,248,1.0,0.0,0.0,21.8,0.12280702,0.0
2026-02-08,restaurant_A,restaurant,206,158,253,1.0,0.0,0.0,21.9,0.12280702,0.0
2026-02-09,restaurant_A,restaurant,244,187,300,0.0,0.0,0.0,21.9,0.12280702,0.0
2026-02-10,restaurant_A,restaurant,245,188,303,0.0,0.0,0.0,22.0,0.12280702,0.0
2026-02-11,restaurant_A,restaurant,245,188,302,0.0,0.0,0.0,22.1,0.12280702,0.0
2026-02-12,restaurant_A,restaurant,244,187,300,0.0,0.0,0.0,22.1,0.12280702,0.0
2026-02-13,restaurant_A,restaurant,242,186,298,0.0,0.0,0.0,22.1,0.12280702,0.0
2026-02-14,restaurant_A,restaurant,201,154,248,1.0,0.0,0.0,22.1,0.12280702,0.0
2026-02-15,restaurant_A,restaurant,205,157,253,1.0,0.0,0.0,22.2,0.12280702,0.0
2026-02-16,restaurant_A,restaurant,243,186,300,0.0,0.0,0.0,22.2,0.12280702,0.0
2026-02-17,restaurant_A,restaurant,245,188,302,0.0,0.0,0.0,22.2,0.12280702,0.0
2026-02-18,restaurant_A,restaurant,244,187,301,0.0,0.0,0.0,22.3,0.12280702,0.0
2026-02-19,restaurant_A,restaurant,243,186,300,0.0,0.0,0.0,22.4,0.12280702,0.0
2026-02-20,restaurant_A,restaurant,241,185,298,0.0,0.0,0.0,22.5,0.12280702,0.0
2026-02-21,restaurant_A,restaurant,201,154,248,1.0,0.0,0.0,22.5,0.12280702,0.0
2026-02-22,restaurant_A,restaurant,205,157,253,1.0,0.0,0.0,22.5,0.12280702,0.0
2026-02-23,restaurant_A,restaurant,242,186,299,0.0,0.0,0.0,22.6,0.12280702,0.0
2026-02-24,restaurant_A,restaurant,244,187,301,0.0,0.0,0.0,22.7,0.12280702,0.0
2026-02-25,restaurant_A,restaurant,244,187,300,0.0,0.0,0.0,22.7,0.12280702,0.0
2026-02-26,restaurant_A,restaurant,243,186,299,0.0,0.0,0.0,22.7,0.12280702,0.0
2026-02-27,restaurant_A,restaurant,241,185,297,0.0,0.0,0.0,22.7,0.12280702,0.0
2026-02-28,restaurant_A,restaurant,200,154,247,1.0,0.0,0.0,22.9,0.12280702,0.0
2026-03-01,restaurant_A,restaurant,206,158,255,1.0,0.0,0.0,23.0,0.08064516,0.0
2026-03-02,restaurant_A,restaurant,243,187,300,0.0,0.0,0.0,23.1,0.08064516,0.0
2026-03-03,restaurant_A,restaurant,245,188,302,0.0,0.0,0.0,23.3,0.08064516,0.0
2026-03-04,restaurant_A,restaurant,244,187,301,0.0,0.0,0.0,23.4,0.08064516,0.0
2026-03-05,restaurant_A,restaurant,243,186,300,0.0,0.0,0.0,23.5,0.08064516,0.0
2026-03-06,restaurant_A,restaurant,241,185,297,0.0,0.0,0.0,23.5,0.08064516,0.0
2026-03-07,restaurant_A,restaurant,202,155,249,1.0,0.0,0.0,23.6,0.08064516,0.0
2026-03-08,restaurant_A,restaurant,206,158,254,1.0,0.0,0.0,23.6,0.08064516,0.0
2026-03-09,restaurant_A,restaurant,242,186,299,0.0,0.0,0.0,23.7,0.08064516,0.0
2026-03-10,restaurant_A,restaurant,244,187,300,0.0,0.0,0.0,23.8,0.08064516,0.0
2026-03-11,restaurant_A,restaurant,243,187,300,0.0,0.0,0.0,23.8,0.08064516,0.0
2026-03-12,restaurant_A,restaurant,242,186,299,0.0,0.0,0.0,23.9,0.08064516,0.0
2026-03-13,restaurant_A,restaurant,240,184,296,0.0,0.0,0.0,24.1,0.08064516,0.0
2026-03-14,restaurant_A,restaurant,281,216,347,1.0,1.0,0.0,24.3,0.08064516,0.0
2026-03-15,restaurant_A,restaurant,205,157,253,1.0,0.0,0.0,24.4,0.08064516,0.0
2026-03-16,restaurant_A,restaurant,241,185,297,0.0,0.0,0.0,24.6,0.08064516,0.0
2026-03-17,restaurant_A,restaurant,242,185,298,0.0,0.0,0.0,24.7,0.08064516,0.0
2026-03-18,restaurant_A,restaurant,241,185,297,0.0,0.0,0.0,24.8,0.08064516,0.0
2026-03-19,restaurant_A,restaurant,241,184,297,0.0,0.0,0.0,24.9,0.08064516,0.0
2026-03-20,restaurant_A,restaurant,238,183,294,0.0,0.0,0.0,25.0,0.08064516,0.0
2026-03-21,restaurant_A,restaurant,200,154,247,1.0,0.0,0.0,25.0,0.08064516,0.0
2026-03-22,restaurant_A,restaurant,205,157,252,1.0,0.0,0.0,25.0,0.08064516,0.0
2026-03-23,restaurant_A,restaurant,240,184,296,0.0,0.0,0.0,25.0,0.08064516,0.0
2026-03-24,restaurant_A,restaurant,241,185,297,0.0,0.0,0.0,25.0,0.08064516,0.0
2026-03-25,restaurant_A,restaurant,240,184,296,0.0,0.0,0.0,25.2,0.08064516,0.0
2026-03-26,restaurant_A,restaurant,240,184,296,0.0,0.0,0.0,25.2,0.08064516,0.0
2026-03-27,restaurant_A,restaurant,238,182,293,0.0,0.0,0.0,25.3,0.08064516,0.0
2026-03-28,restaurant_A,restaurant,200,153,247,1.0,0.0,0.0,25.5,0.08064516,0.0
2026-03-29,restaurant_A,restaurant,204,156,252,1.0,0.0,0.0,25.7,0.08064516,0.0
2026-03-30,restaurant_A,restaurant,239,183,294,0.0,0.0,0.0,25.9,0.08064516,0.0
2026-03-31,restaurant_A,restaurant,239,184,295,0.0,0.0,0.0,25.9,0.08064516,0.0
2026-04-01,restaurant_A,restaurant,239,183,294,0.0,0.0,0.0,26.0,0.083333336,0.0
2026-04-02,restaurant_A,restaurant,239,183,294,0.0,0.0,0.0,26.0,0.083333336,0.0
2026-04-03,restaurant_A,restaurant,236,181,291,0.0,0.0,0.0,26.1,0.083333336,0.0
2026-04-04,restaurant_A,restaurant,199,153,246,1.0,0.0,0.0,26.2,0.083333336,0.0
2026-04-05,restaurant_A,restaurant,203,156,251,1.0,0.0,0.0,26.2,0.083333336,0.0
2026-04-06,restaurant_A,restaurant,238,182,293,0.0,0.0,0.0,26.4,0.083333336,0.0
2026-04-07,restaurant_A,restaurant,238,183,294,0.0,0.0,0.0,26.5,0.083333336,0.0
2026-04-08,restaurant_A,restaurant,237,182,293,0.0,0.0,0.0,26.6,0.083333336,0.0
2026-04-09,restaurant_A,restaurant,237,182,293,0.0,0.0,0.0,26.7,0.083333336,0.0
2026-04-10,restaurant_A,restaurant,235,180,290,0.0,0.0,0.0,26.8,0.083333336,0.0
2026-04-11,restaurant_A,restaurant,199,152,245,1.0,0.0,0.0,27.0,0.083333336,0.0
2026-04-12,restaurant_A,restaurant,203,155,250,1.0,0.0,0.0,27.1,0.083333336,0.0
2026-04-13,restaurant_A,restaurant,236,181,291,0.0,0.0,0.0,27.1,0.083333336,0.0
2026-04-14,restaurant_A,restaurant,322,247,397,0.0,1.0,0.0,27.2,0.083333336,0.0
2026-04-15,restaurant_A,restaurant,236,181,291,0.0,0.0,0.0,27.3,0.083333336,0.0
2026-04-16,restaurant_A,restaurant,236,181,291,0.0,0.0,0.0,27.3,0.083333336,0.0
2026-04-17,restaurant_A,restaurant,234,179,288,0.0,0.0,0.0,27.4,0.083333336,0.0
2026-04-18,restaurant_A,restaurant,198,152,244,1.0,0.0,0.0,27.5,0.083333336,0.0
2026-04-19,restaurant_A,restaurant,202,155,249,1.0,0.0,0.0,27.7,0.083333336,0.0
2026-04-20,restaurant_A,restaurant,235,180,290,0.0,0.0,0.0,27.8,0.083333336,0.0
2026-04-21,restaurant_A,restaurant,235,180,290,0.0,0.0,0.0,28.0,0.083333336,0.0
2026-04-22,restaurant_A,restaurant,234,180,289,0.0,0.0,0.0,28.2,0.083333336,0.0
2026-04-23,restaurant_A,restaurant,234,180,289,0.0,0.0,0.0,28.4,0.083333336,0.0
2026-04-24,restaurant_A,restaurant,232,178,286,0.0,0.0,0.0,28.6,0.083333336,0.0
2026-04-25,restaurant_A,restaurant,197,151,243,1.0,0.0,0.0,28.7,0.083333336,0.0
2026-04-26,restaurant_A,restaurant,201,154,248,1.0,0.0,0.0,28.8,0.083333336,0.0
2026-04-27,restaurant_A,restaurant,233,179,288,0.0,0.0,0.0,28.8,0.083333336,0.0
2026-04-28,restaurant_A,restaurant,233,179,288,0.0,0.0,0.0,28.8,0.083333336,0.0
2026-04-29,restaurant_A,restaurant,233,179,287,0.0,0.0,0.0,28.8,0.083333336,0.0
2026-04-30,restaurant_A,restaurant,233,179,288,0.0,0.0,0.0,28.9,0.083333336,0.0
2026-05-01,restaurant_A,restaurant,238,182,293,0.0,0.0,1.0,29.0,0.032258064,0.0
2026-05-02,restaurant_A,restaurant,210,161,259,1.0,0.0,1.0,29.1,0.032258064,0.0
2026-05-03,restaurant_A,restaurant,208,160,257,1.0,0.0,1.0,29.2,0.032258064,0.0
2026-05-04,restaurant_A,restaurant,235,180,290,0.0,0.0,1.0,29.3,0.032258064,0.0
2026-05-05,restaurant_A,restaurant,234,179,289,0.0,0.0,1.0,29.4,0.032258064,0.0
2026-05-06,restaurant_A,restaurant,236,181,291,0.0,0.0,1.0,29.6,0.032258064,0.0
2026-05-07,restaurant_A,restaurant,236,181,291,0.0,0.0,1.0,29.7,0.032258064,0.0
2026-05-08,restaurant_A,restaurant,237,182,293,0.0,0.0,1.0,29.7,0.032258064,0.0
2026-05-09,restaurant_A,restaurant,209,160,257,1.0,0.0,1.0,29.8,0.032258064,0.0
2026-05-10,restaurant_A,restaurant,208,159,256,1.0,0.0,1.0,29.8,0.032258064,0.0
2026-05-11,restaurant_A,restaurant,235,180,290,0.0,0.0,1.0,29.9,0.032258064,0.0
2026-05-12,restaurant_A,restaurant,234,179,288,0.0,0.0,1.0,29.9,0.032258064,0.0
2026-05-13,restaurant_A,restaurant,235,180,290,0.0,0.0,1.0,30.0,0.032258064,0.0
2026-05-14,restaurant_A,restaurant,235,180,290,0.0,0.0,1.0,30.1,0.032258064,0.0
2026-05-15,restaurant_A,restaurant,237,182,292,0.0,0.0,1.0,30.2,0.032258064,0.0
2026-05-16,restaurant_A,restaurant,208,160,257,1.0,0.0,1.0,30.3,0.032258064,0.0
2026-05-17,restaurant_A,restaurant,207,159,256,1.0,0.0,1.0,30.4,0.032258064,0.0
2026-05-18,restaurant_A,restaurant,235,180,289,0.0,0.0,1.0,30.4,0.032258064,0.0
2026-05-19,restaurant_A,restaurant,233,179,288,0.0,0.0,1.0,30.5,0.032258064,0.0
2026-05-20,restaurant_A,restaurant,234,179,288,0.0,0.0,1.0,30.5,0.032258064,0.0
2026-05-21,restaurant_A,restaurant,235,180,290,0.0,0.0,1.0,30.6,0.032258064,0.0
2026-05-22,restaurant_A,restaurant,237,182,292,0.0,0.0,1.0,30.7,0.032258064,0.0
2026-05-23,restaurant_A,restaurant,208,160,257,1.0,0.0,1.0,30.7,0.032258064,0.0
2026-05-24,restaurant_A,restaurant,207,159,256,1.0,0.0,1.0,30.9,0.032258064,0.0
2026-05-25,restaurant_A,restaurant,235,180,289,0.0,0.0,1.0,30.9,0.032258064,0.0
2026-05-26,restaurant_A,restaurant,233,179,288,0.0,0.0,1.0,31.0,0.032258064,0.0
2026-05-27,restaurant_A,restaurant,233,179,288,0.0,0.0,1.0,31.1,0.032258064,0.0
2026-05-28,restaurant_A,restaurant,235,180,290,0.0,0.0,1.0,31.3,0.032258064,0.0
2026-05-29,restaurant_A,restaurant,236,181,291,0.0,0.0,1.0,31.5,0.032258064,0.0
2026-05-30,restaurant_A,restaurant,208,159,256,1.0,0.0,1.0,31.6,0.032258064,0.0
2026-05-31,restaurant_A,restaurant,207,159,255,1.0,0.0,1.0,31.6,0.032258064,0.0
2026-06-01,restaurant_A,restaurant,220,169,271,0.0,0.0,1.0,31.7,0.51666665,0.0
2026-06-02,restaurant_A,restaurant,219,168,270,0.0,0.0,1.0,31.8,0.51666665,0.0
2026-06-03,restaurant_A,restaurant,219,168,270,0.0,0.0,1.0,31.8,0.51666665,0.0
2026-06-04,restaurant_A,restaurant,220,169,272,0.0,0.0,1.0,31.9,0.51666665,0.0
2026-06-05,restaurant_A,restaurant,222,170,274,0.0,0.0,1.0,31.9,0.51666665,0.0
2026-06-06,restaurant_A,restaurant,195,150,241,1.0,0.0,1.0,31.9,0.51666665,0.0
2026-06-07,restaurant_A,restaurant,194,149,239,1.0,0.0,1.0,31.9,0.51666665,0.0
2026-06-08,restaurant_A,restaurant,220,169,271,0.0,0.0,1.0,32.0,0.51666665,0.0
2026-06-09,restaurant_A,restaurant,219,168,270,0.0,0.0,1.0,31.9,0.51666665,0.0
2026-06-10,restaurant_A,restaurant,219,168,270,0.0,0.0,1.0,32.0,0.51666665,0.0
2026-06-11,restaurant_A,restaurant,220,169,272,0.0,0.0,1.0,32.1,0.51666665,0.0
2026-06-12,restaurant_A,restaurant,222,170,274,0.0,0.0,1.0,32.2,0.51666665,0.0
2026-06-13,restaurant_A,restaurant,195,149,240,1.0,0.0,1.0,32.2,0.51666665,0.0
2026-06-14,restaurant_A,restaurant,194,148,239,1.0,0.0,1.0,32.2,0.51666665,0.0
2026-06-15,restaurant_A,restaurant,220,168,271,0.0,0.0,1.0,32.3,0.51666665,0.0
2026-06-16,restaurant_A,restaurant,218,168,269,0.0,0.0,1.0,32.3,0.51666665,0.0
2026-06-17,restaurant_A,restaurant,219,168,270,0.0,0.0,1.0,32.4,0.51666665,0.0
2026-06-18,restaurant_A,restaurant,220,169,271,0.0,0.0,1.0,32.5,0.51666665,0.0
2026-06-19,restaurant_A,restaurant,222,170,273,0.0,0.0,1.0,32.6,0.51666665,0.0
2026-06-20,restaurant_A,restaurant,194,149,240,1.0,0.0,1.0,32.7,0.51666665,0.0
2026-06-21,restaurant_A,restaurant,193,148,238,1.0,0.0,1.0,32.7,0.51666665,0.0
2026-06-22,restaurant_A,restaurant,219,168,271,0.0,0.0,1.0,32.7,0.51666665,0.0
2026-06-23,restaurant_A,restaurant,218,167,269,0.0,0.0,1.0,32.7,0.51666665,0.0
2026-06-24,restaurant_A,restaurant,218,168,269,0.0,0.0,1.0,32.7,0.51666665,0.0
2026-06-25,restaurant_A,restaurant,220,169,271,0.0,0.0,1.0,32.8,0.51666665,0.0
2026-06-26,restaurant_A,restaurant,222,170,273,0.0,0.0,1.0,32.8,0.51666665,0.0
2026-06-27,restaurant_A,restaurant,194,149,239,1.0,0.0,1.0,32.8,0.51666665,0.0
2026-06-28,restaurant_A,restaurant,193,148,238,1.0,0.0,1.0,32.8,0.51666665,0.0
2026-06-29,restaurant_A,restaurant,219,168,271,0.0,0.0,1.0,32.7,0.51666665,0.0
2026-06-30,restaurant_A,restaurant,218,167,269,0.0,0.0,1.0,32.7,0.51666665,0.0
2025-12-31,restaurant_B,restaurant,213,163,262,0.0,1.0,0.0,21.3,0.06557377,0.0
2026-01-01,restaurant_B,restaurant,210,161,259,0.0,1.0,0.0,21.3,0.11290322,0.0
2026-01-02,restaurant_B,restaurant,155,119,192,0.0,0.0,0.0,21.2,0.11290322,0.0
2026-01-03,restaurant_B,restaurant,129,99,159,1.0,0.0,0.0,21.1,0.11290322,0.0
2026-01-04,restaurant_B,restaurant,132,101,162,1.0,0.0,0.0,21.1,0.11290322,0.0
2026-01-05,restaurant_B,restaurant,156,120,193,0.0,0.0,0.0,21.1,0.11290322,0.0
2026-01-06,restaurant_B,restaurant,158,121,195,0.0,0.0,0.0,21.0,0.11290322,0.0
2026-01-07,restaurant_B,restaurant,158,121,194,0.0,0.0,0.0,21.1,0.11290322,0.0
2026-01-08,restaurant_B,restaurant,157,120,193,0.0,0.0,0.0,21.2,0.11290322,0.0
2026-01-09,restaurant_B,restaurant,155,119,192,0.0,0.0,0.0,21.2,0.11290322,0.0
2026-01-10,restaurant_B,restaurant,129,99,159,1.0,0.0,0.0,21.0,0.11290322,0.0
2026-01-11,restaurant_B,restaurant,132,101,163,1.0,0.0,0.0,21.0,0.11290322,0.0
2026-01-12,restaurant_B,restaurant,157,120,193,0.0,0.0,0.0,21.0,0.11290322,0.0
2026-01-13,restaurant_B,restaurant,158,121,195,0.0,0.0,0.0,21.0,0.11290322,0.0
2026-01-14,restaurant_B,restaurant,211,162,261,0.0,1.0,0.0,21.2,0.11290322,0.0
2026-01-15,restaurant_B,restaurant,157,120,193,0.0,0.0,0.0,21.2,0.11290322,0.0
2026-01-16,restaurant_B,restaurant,155,119,192,0.0,0.0,0.0,21.2,0.11290322,0.0
2026-01-17,restaurant_B,restaurant,129,99,159,1.0,0.0,0.0,21.2,0.11290322,0.0
2026-01-18,restaurant_B,restaurant,132,101,162,1.0,0.0,0.0,21.3,0.11290322,0.0
2026-01-19,restaurant_B,restaurant,156,120,193,0.0,0.0,0.0,21.2,0.11290322,0.0
2026-01-20,restaurant_B,restaurant,158,121,194,0.0,0.0,0.0,21.2,0.11290322,0.0
2026-01-21,restaurant_B,restaurant,157,121,194,0.0,0.0,0.0,21.3,0.11290322,0.0
2026-01-22,restaurant_B,restaurant,156,120,193,0.0,0.0,0.0,21.4,0.11290322,0.0
2026-01-23,restaurant_B,restaurant,155,119,192,0.0,0.0,0.0,21.3,0.11290322,0.0
2026-01-24,restaurant_B,restaurant,129,99,159,1.0,0.0,0.0,21.3,0.11290322,0.0
2026-01-25,restaurant_B,restaurant,132,101,162,1.0,0.0,0.0,21.4,0.11290322,0.0
2026-01-26,restaurant_B,restaurant,210,161,259,0.0,1.0,0.0,21.4,0.11290322,0.0
2026-01-27,restaurant_B,restaurant,157,121,194,0.0,0.0,0.0,21.4,0.11290322,0.0
2026-01-28,restaurant_B,restaurant,157,121,194,0.0,0.0,0.0,21.4,0.11290322,0.0
2026-01-29,restaurant_B,restaurant,156,120,193,0.0,0.0,0.0,21.3,0.11290322,0.0
2026-01-30,restaurant_B,restaurant,155,119,192,0.0,0.0,0.0,21.3,0.11290322,0.0
2026-01-31,restaurant_B,restaurant,129,99,159,1.0,0.0,0.0,21.3,0.11290322,0.0
2026-02-01,restaurant_B,restaurant,131,101,162,1.0,0.0,0.0,21.3,0.12280702,0.0
2026-02-02,restaurant_B,restaurant,156,120,192,0.0,0.0,0.0,21.4,0.12280702,0.0
2026-02-03,restaurant_B,restaurant,157,120,194,0.0,0.0,0.0,21.5,0.12280702,0.0
2026-02-04,restaurant_B,restaurant,157,120,193,0.0,0.0,0.0,21.6,0.12280702,0.0
2026-02-05,restaurant_B,restaurant,156,119,192,0.0,0.0,0.0,21.7,0.12280702,0.0
2026-02-06,restaurant_B,restaurant,155,119,191,0.0,0.0,0.0,21.8,0.12280702,0.0
2026-02-07,restaurant_B,restaurant,128,98,158,1.0,0.0,0.0,21.8,0.12280702,0.0
2026-02-08,restaurant_B,restaurant,131,100,162,1.0,0.0,0.0,21.9,0.12280702,0.0
2026-02-09,restaurant_B,restaurant,155,119,192,0.0,0.0,0.0,21.9,0.12280702,0.0
2026-02-10,restaurant_B,restaurant,156,120,193,0.0,0.0,0.0,22.0,0.12280702,0.0
2026-02-11,restaurant_B,restaurant,156,120,192,0.0,0.0,0.0,22.1,0.12280702,0.0
2026-02-12,restaurant_B,restaurant,155,119,192,0.0,0.0,0.0,22.1,0.12280702,0.0
2026-02-13,restaurant_B,restaurant,154,118,190,0.0,0.0,0.0,22.1,0.12280702,0.0
2026-02-14,restaurant_B,restaurant,128,98,158,1.0,0.0,0.0,22.1,0.12280702,0.0
2026-02-15,restaurant_B,restaurant,131,100,161,1.0,0.0,0.0,22.2,0.12280702,0.0
2026-02-16,restaurant_B,restaurant,155,119,191,0.0,0.0,0.0,22.2,0.12280702,0.0
2026-02-17,restaurant_B,restaurant,156,120,193,0.0,0.0,0.0,22.2,0.12280702,0.0
2026-02-18,restaurant_B,restaurant,156,119,192,0.0,0.0,0.0,22.3,0.12280702,0.0
2026-02-19,restaurant_B,restaurant,155,119,191,0.0,0.0,0.0,22.4,0.12280702,0.0
2026-02-20,restaurant_B,restaurant,154,118,190,0.0,0.0,0.0,22.5,0.12280702,0.0
2026-02-21,restaurant_B,restaurant,128,98,158,1.0,0.0,0.0,22.5,0.12280702,0.0
2026-02-22,restaurant_B,restaurant,131,100,161,1.0,0.0,0.0,22.5,0.12280702,0.0
2026-02-23,restaurant_B,restaurant,155,118,191,0.0,0.0,0.0,22.6,0.12280702,0.0
2026-02-24,restaurant_B,restaurant,156,119,192,0.0,0.0,0.0,22.7,0.12280702,0.0
2026-02-25,restaurant_B,restaurant,155,119,192,0.0,0.0,0.0,22.7,0.12280702,0.0
2026-02-26,restaurant_B,restaurant,155,119,191,0.0,0.0,0.0,22.7,0.12280702,0.0
2026-02-27,restaurant_B,restaurant,154,118,189,0.0,0.0,0.0,22.7,0.12280702,0.0
2026-02-28,restaurant_B,restaurant,128,98,158,1.0,0.0,0.0,22.9,0.12280702,0.0
2026-03-01,restaurant_B,restaurant,132,101,162,1.0,0.0,0.0,23.0,0.08064516,0.0
2026-03-02,restaurant_B,restaurant,155,119,191,0.0,0.0,0.0,23.1,0.08064516,0.0
2026-03-03,restaurant_B,restaurant,156,120,192,0.0,0.0,0.0,23.3,0.08064516,0.0
2026-03-04,restaurant_B,restaurant,156,119,192,0.0,0.0,0.0,23.4,0.08064516,0.0
2026-03-05,restaurant_B,restaurant,155,119,191,0.0,0.0,0.0,23.5,0.08064516,0.0
2026-03-06,restaurant_B,restaurant,153,118,189,0.0,0.0,0.0,23.5,0.08064516,0.0
2026-03-07,restaurant_B,restaurant,129,99,159,1.0,0.0,0.0,23.6,0.08064516,0.0
2026-03-08,restaurant_B,restaurant,131,101,162,1.0,0.0,0.0,23.6,0.08064516,0.0
2026-03-09,restaurant_B,restaurant,155,118,191,0.0,0.0,0.0,23.7,0.08064516,0.0
2026-03-10,restaurant_B,restaurant,155,119,192,0.0,0.0,0.0,23.8,0.08064516,0.0
2026-03-11,restaurant_B,restaurant,155,119,191,0.0,0.0,0.0,23.8,0.08064516,0.0
2026-03-12,restaurant_B,restaurant,154,118,191,0.0,0.0,0.0,23.9,0.08064516,0.0
2026-03-13,restaurant_B,restaurant,153,117,188,0.0,0.0,0.0,24.1,0.08064516,0.0
2026-03-14,restaurant_B,restaurant,179,138,221,1.0,1.0,0.0,24.3,0.08064516,0.0
2026-03-15,restaurant_B,restaurant,131,100,161,1.0,0.0,0.0,24.4,0.08064516,0.0
2026-03-16,restaurant_B,restaurant,154,118,189,0.0,0.0,0.0,24.6,0.08064516,0.0
2026-03-17,restaurant_B,restaurant,154,118,190,0.0,0.0,0.0,24.7,0.08064516,0.0
2026-03-18,restaurant_B,restaurant,154,118,190,0.0,0.0,0.0,24.8,0.08064516,0.0
2026-03-19,restaurant_B,restaurant,153,118,189,0.0,0.0,0.0,24.9,0.08064516,0.0
2026-03-20,restaurant_B,restaurant,152,116,187,0.0,0.0,0.0,25.0,0.08064516,0.0
2026-03-21,restaurant_B,restaurant,128,98,158,1.0,0.0,0.0,25.0,0.08064516,0.0
2026-03-22,restaurant_B,restaurant,130,100,161,1.0,0.0,0.0,25.0,0.08064516,0.0
2026-03-23,restaurant_B,restaurant,153,117,189,0.0,0.0,0.0,25.0,0.08064516,0.0
2026-03-24,restaurant_B,restaurant,154,118,190,0.0,0.0,0.0,25.0,0.08064516,0.0
2026-03-25,restaurant_B,restaurant,153,118,189,0.0,0.0,0.0,25.2,0.08064516,0.0
2026-03-26,restaurant_B,restaurant,153,117,189,0.0,0.0,0.0,25.2,0.08064516,0.0
2026-03-27,restaurant_B,restaurant,151,116,187,0.0,0.0,0.0,25.3,0.08064516,0.0
2026-03-28,restaurant_B,restaurant,127,98,157,1.0,0.0,0.0,25.5,0.08064516,0.0
2026-03-29,restaurant_B,restaurant,130,100,160,1.0,0.0,0.0,25.7,0.08064516,0.0
2026-03-30,restaurant_B,restaurant,152,117,188,0.0,0.0,0.0,25.9,0.08064516,0.0
2026-03-31,restaurant_B,restaurant,153,117,188,0.0,0.0,0.0,25.9,0.08064516,0.0
2026-04-01,restaurant_B,restaurant,152,117,188,0.0,0.0,0.0,26.0,0.083333336,0.0
2026-04-02,restaurant_B,restaurant,152,117,188,0.0,0.0,0.0,26.0,0.083333336,0.0
2026-04-03,restaurant_B,restaurant,150,115,186,0.0,0.0,0.0,26.1,0.083333336,0.0
2026-04-04,restaurant_B,restaurant,127,97,157,1.0,0.0,0.0,26.2,0.083333336,0.0
2026-04-05,restaurant_B,restaurant,130,99,160,1.0,0.0,0.0,26.2,0.083333336,0.0
2026-04-06,restaurant_B,restaurant,151,116,187,0.0,0.0,0.0,26.4,0.083333336,0.0
2026-04-07,restaurant_B,restaurant,152,116,187,0.0,0.0,0.0,26.5,0.083333336,0.0
2026-04-08,restaurant_B,restaurant,151,116,187,0.0,0.0,0.0,26.6,0.083333336,0.0
2026-04-09,restaurant_B,restaurant,151,116,187,0.0,0.0,0.0,26.7,0.083333336,0.0
2026-04-10,restaurant_B,restaurant,150,115,185,0.0,0.0,0.0,26.8,0.083333336,0.0
2026-04-11,restaurant_B,restaurant,127,97,156,1.0,0.0,0.0,27.0,0.083333336,0.0
2026-04-12,restaurant_B,restaurant,129,99,159,1.0,0.0,0.0,27.1,0.083333336,0.0
2026-04-13,restaurant_B,restaurant,151,116,186,0.0,0.0,0.0,27.1,0.083333336,0.0
2026-04-14,restaurant_B,restaurant,205,158,253,0.0,1.0,0.0,27.2,0.083333336,0.0
2026-04-15,restaurant_B,restaurant,150,115,186,0.0,0.0,0.0,27.3,0.083333336,0.0
2026-04-16,restaurant_B,restaurant,151,115,186,0.0,0.0,0.0,27.3,0.083333336,0.0
2026-04-17,restaurant_B,restaurant,149,114,184,0.0,0.0,0.0,27.4,0.083333336,0.0
2026-04-18,restaurant_B,restaurant,126,97,156,1.0,0.0,0.0,27.5,0.083333336,0.0
2026-04-19,restaurant_B,restaurant,129,99,159,1.0,0.0,0.0,27.7,0.083333336,0.0
2026-04-20,restaurant_B,restaurant,150,115,185,0.0,0.0,0.0,27.8,0.083333336,0.0
2026-04-21,restaurant_B,restaurant,150,115,185,0.0,0.0,0.0,28.0,0.083333336,0.0
2026-04-22,restaurant_B,restaurant,149,114,184,0.0,0.0,0.0,28.2,0.083333336,0.0
2026-04-23,restaurant_B,restaurant,149,114,184,0.0,0.0,0.0,28.4,0.083333336,0.0
2026-04-24,restaurant_B,restaurant,148,113,182,0.0,0.0,0.0,28.6,0.083333336,0.0
2026-04-25,restaurant_B,restaurant,126,96,155,1.0,0.0,0.0,28.7,0.083333336,0.0
2026-04-26,restaurant_B,restaurant,128,98,158,1.0,0.0,0.0,28.8,0.083333336,0.0
2026-04-27,restaurant_B,restaurant,149,114,183,0.0,0.0,0.0,28.8,0.083333336,0.0
2026-04-28,restaurant_B,restaurant,149,114,183,0.0,0.0,0.0,28.8,0.083333336,0.0
2026-04-29,restaurant_B,restaurant,149,114,183,0.0,0.0,0.0,28.8,0.083333336,0.0
2026-04-30,restaurant_B,restaurant,149,114,183,0.0,0.0,0.0,28.9,0.083333336,0.0
2026-05-01,restaurant_B,restaurant,151,116,187,0.0,0.0,1.0,29.0,0.032258064,0.0
2026-05-02,restaurant_B,restaurant,134,102,165,1.0,0.0,1.0,29.1,0.032258064,0.0
2026-05-03,restaurant_B,restaurant,133,102,164,1.0,0.0,1.0,29.2,0.032258064,0.0
2026-05-04,restaurant_B,restaurant,150,115,185,0.0,0.0,1.0,29.3,0.032258064,0.0
2026-05-05,restaurant_B,restaurant,149,114,184,0.0,0.0,1.0,29.4,0.032258064,0.0
2026-05-06,restaurant_B,restaurant,150,115,185,0.0,0.0,1.0,29.6,0.032258064,0.0
2026-05-07,restaurant_B,restaurant,150,115,185,0.0,0.0,1.0,29.7,0.032258064,0.0
2026-05-08,restaurant_B,restaurant,151,116,186,0.0,0.0,1.0,29.7,0.032258064,0.0
2026-05-09,restaurant_B,restaurant,133,102,164,1.0,0.0,1.0,29.8,0.032258064,0.0
2026-05-10,restaurant_B,restaurant,132,102,163,1.0,0.0,1.0,29.8,0.032258064,0.0
2026-05-11,restaurant_B,restaurant,150,115,185,0.0,0.0,1.0,29.9,0.032258064,0.0
2026-05-12,restaurant_B,restaurant,149,114,184,0.0,0.0,1.0,29.9,0.032258064,0.0
2026-05-13,restaurant_B,restaurant,150,115,185,0.0,0.0,1.0,30.0,0.032258064,0.0
2026-05-14,restaurant_B,restaurant,150,115,185,0.0,0.0,1.0,30.1,0.032258064,0.0
2026-05-15,restaurant_B,restaurant,151,116,186,0.0,0.0,1.0,30.2,0.032258064,0.0
2026-05-16,restaurant_B,restaurant,133,102,164,1.0,0.0,1.0,30.3,0.032258064,0.0
2026-05-17,restaurant_B,restaurant,132,101,163,1.0,0.0,1.0,30.4,0.032258064,0.0
2026-05-18,restaurant_B,restaurant,150,115,185,0.0,0.0,1.0,30.4,0.032258064,0.0
2026-05-19,restaurant_B,restaurant,149,114,184,0.0,0.0,1.0,30.5,0.032258064,0.0
2026-05-20,restaurant_B,restaurant,149,114,184,0.0,0.0,1.0,30.5,0.032258064,0.0
2026-05-21,restaurant_B,restaurant,150,115,185,0.0,0.0,1.0,30.6,0.032258064,0.0
2026-05-22,restaurant_B,restaurant,151,116,186,0.0,0.0,1.0,30.7,0.032258064,0.0
2026-05-23,restaurant_B,restaurant,133,102,164,1.0,0.0,1.0,30.7,0.032258064,0.0
2026-05-24,restaurant_B,restaurant,132,101,163,1.0,0.0,1.0,30.9,0.032258064,0.0
2026-05-25,restaurant_B,restaurant,149,115,184,0.0,0.0,1.0,30.9,0.032258064,0.0
2026-05-26,restaurant_B,restaurant,149,114,183,0.0,0.0,1.0,31.0,0.032258064,0.0
2026-05-27,restaurant_B,restaurant,149,114,184,0.0,0.0,1.0,31.1,0.032258064,0.0
2026-05-28,restaurant_B,restaurant,150,115,185,0.0,0.0,1.0,31.3,0.032258064,0.0
2026-05-29,restaurant_B,restaurant,151,116,186,0.0,0.0,1.0,31.5,0.032258064,0.0
2026-05-30,restaurant_B,restaurant,132,102,163,1.0,0.0,1.0,31.6,0.032258064,0.0
2026-05-31,restaurant_B,restaurant,132,101,163,1.0,0.0,1.0,31.6,0.032258064,0.0
2026-06-01,restaurant_B,restaurant,140,108,173,0.0,0.0,1.0,31.7,0.51666665,0.0
2026-06-02,restaurant_B,restaurant,139,107,172,0.0,0.0,1.0,31.8,0.51666665,0.0
2026-06-03,restaurant_B,restaurant,140,107,172,0.0,0.0,1.0,31.8,0.51666665,0.0
2026-06-04,restaurant_B,restaurant,140,108,173,0.0,0.0,1.0,31.9,0.51666665,0.0
2026-06-05,restaurant_B,restaurant,141,108,174,0.0,0.0,1.0,31.9,0.51666665,0.0
2026-06-06,restaurant_B,restaurant,124,95,153,1.0,0.0,1.0,31.9,0.51666665,0.0
2026-06-07,restaurant_B,restaurant,124,95,152,1.0,0.0,1.0,31.9,0.51666665,0.0
2026-06-08,restaurant_B,restaurant,140,107,173,0.0,0.0,1.0,32.0,0.51666665,0.0
2026-06-09,restaurant_B,restaurant,139,107,172,0.0,0.0,1.0,31.9,0.51666665,0.0
2026-06-10,restaurant_B,restaurant,139,107,172,0.0,0.0,1.0,32.0,0.51666665,0.0
2026-06-11,restaurant_B,restaurant,140,108,173,0.0,0.0,1.0,32.1,0.51666665,0.0
2026-06-12,restaurant_B,restaurant,141,108,174,0.0,0.0,1.0,32.2,0.51666665,0.0
2026-06-13,restaurant_B,restaurant,124,95,153,1.0,0.0,1.0,32.2,0.51666665,0.0
2026-06-14,restaurant_B,restaurant,123,95,152,1.0,0.0,1.0,32.2,0.51666665,0.0
2026-06-15,restaurant_B,restaurant,140,107,173,0.0,0.0,1.0,32.3,0.51666665,0.0
2026-06-16,restaurant_B,restaurant,139,107,172,0.0,0.0,1.0,32.3,0.51666665,0.0
2026-06-17,restaurant_B,restaurant,139,107,172,0.0,0.0,1.0,32.4,0.51666665,0.0
2026-06-18,restaurant_B,restaurant,140,108,173,0.0,0.0,1.0,32.5,0.51666665,0.0
2026-06-19,restaurant_B,restaurant,141,108,174,0.0,0.0,1.0,32.6,0.51666665,0.0
2026-06-20,restaurant_B,restaurant,124,95,153,1.0,0.0,1.0,32.7,0.51666665,0.0
2026-06-21,restaurant_B,restaurant,123,94,152,1.0,0.0,1.0,32.7,0.51666665,0.0
2026-06-22,restaurant_B,restaurant,140,107,173,0.0,0.0,1.0,32.7,0.51666665,0.0
2026-06-23,restaurant_B,restaurant,139,107,172,0.0,0.0,1.0,32.7,0.51666665,0.0
2026-06-24,restaurant_B,restaurant,139,107,172,0.0,0.0,1.0,32.7,0.51666665,0.0
2026-06-25,restaurant_B,restaurant,140,107,173,0.0,0.0,1.0,32.8,0.51666665,0.0
2026-06-26,restaurant_B,restaurant,141,108,174,0.0,0.0,1.0,32.8,0.51666665,0.0
2026-06-27,restaurant_B,restaurant,124,95,153,1.0,0.0,1.0,32.8,0.51666665,0.0
2026-06-28,restaurant_B,restaurant,123,94,152,1.0,0.0,1.0,32.8,0.51666665,0.0
2026-06-29,restaurant_B,restaurant,140,107,173,0.0,0.0,1.0,32.7,0.51666665,0.0
2026-06-30,restaurant_B,restaurant,139,107,172,0.0,0.0,1.0,32.7,0.51666665,0.0
